<!-- HitsMode, by Allara -->


<Ui xmlns="http://www.blizzard.com/wow/ui/" xmlns:xsi="http://www.w3.org/2001/XMLSchema-instance"
        xsi:schemaLocation="http://www.blizzard.com/wow/ui/ C:\WoW\Interface\FrameXML\UI.xsd">


 <!-- Our check buttons -->
 <CheckButton name="HMCheckButtonTemplate" virtual="true">
  <Size>
   <AbsDimension x="20" y="20"/>
  </Size>
  <Scripts>
   <OnEnter>
    HitsMode:OnMouseEnter(this:GetParent());
   </OnEnter>
   <OnLeave>
    HitsMode:OnMouseLeave(this:GetParent());
   </OnLeave>
   <OnClick>
    HitsMode:CheckboxOnClick(this);
   </OnClick>
  </Scripts>
  <NormalTexture file="Interface\Buttons\UI-CheckBox-Up"/>
  <PushedTexture file="Interface\Buttons\UI-CheckBox-Down"/>
  <HighlightTexture file="Interface\Buttons\UI-CheckBox-Highlight" alphaMode="ADD"/>
  <CheckedTexture file="Interface\Buttons\UI-CheckBox-Check"/>
  <DisabledCheckedTexture file="Interface\Buttons\UI-CheckBox-Check-Disabled"/>
 </CheckButton>


 <!-- Our color swatch -->
 <Frame name="HMColorSwatchTemplate" virtual="true">
  <Size>
   <AbsDimension x="72" y="15"/>
  </Size>
  <Anchors>
   <Anchor point="LEFT"/>
  </Anchors>
  <Layers>
   <Layer level="BACKGROUND">
    <Texture name="$parentBackgroundTexture">
     <Size>
      <AbsDimension x="72" y="15"/>
     </Size>
     <Anchors>
      <Anchor point="CENTER"/>
     </Anchors>
     <Color r="0.0" g="0.0" b="0.0"/>
    </Texture>
   </Layer>
   <Layer level="ARTWORK">
    <Texture name="$parentSwatchTexture">
     <Size>
      <AbsDimension x="70" y="13"/>
     </Size>
     <Anchors>
      <Anchor point="CENTER"/>
     </Anchors>
     <Color r="1.0" g="0.0" b="0.0"/>
    </Texture>
   </Layer>
  </Layers>
  <Scripts>
   <OnClick>
				HitsMode:OpenColorPicker(this:GetParent():GetID(), this:GetParent());
			</OnClick>
   <OnEnter>
				getglobal(this:GetName().."BackgroundTexture"):SetTexture(1, 1, 1);
				HitsMode:OnMouseEnter(this:GetParent());
			</OnEnter>
   <OnLeave>
    getglobal(this:GetName().."BackgroundTexture"):SetTexture(0, 0, 0);
    HitsMode:OnMouseLeave(this:GetParent());
   </OnLeave>
  </Scripts>
 </Frame>


 <!-- Our slider -->
	<Slider name="HMSliderTemplate" orientation="HORIZONTAL" virtual="true" enableMouse="true">
		<Size>
			<AbsDimension x="144" y="18"/>
		</Size>
		<Backdrop bgFile="Interface\Buttons\UI-SliderBar-Background" edgeFile="Interface\Buttons\UI-SliderBar-Border" tile="true">
			<EdgeSize>
				<AbsValue val="8"/>
			</EdgeSize>
			<TileSize>
				<AbsValue val="8"/>
			</TileSize>
			<BackgroundInsets>
				<AbsInset left="3" right="3" top="6" bottom="6"/>
			</BackgroundInsets>
		</Backdrop>
		<Layers>
			<Layer level="ARTWORK">
				<FontString name="$parentText" inherits="GameFontHighlight">
					<Anchors>
						<Anchor point="BOTTOM" relativePoint="TOP"/>
					</Anchors>
				</FontString>
				<FontString name="$parentLow" inherits="ChatFontSmall" text="LOW">
					<Anchors>
						<Anchor point="RIGHT" relativePoint="LEFT">
							<Offset>
								<AbsDimension x="-2" y="0"/>
							</Offset>
						</Anchor>
					</Anchors>
				</FontString>
				<FontString name="$parentHigh" inherits="ChatFontSmall" text="HIGH">
					<Anchors>
						<Anchor point="LEFT" relativePoint="RIGHT">
							<Offset>
								<AbsDimension x="2" y="0"/>
							</Offset>
						</Anchor>
					</Anchors>
				</FontString>
				<FontString name="$parentValueText" inherits="ChatFontSmall">
					<Anchors>
						<Anchor point="RIGHT" relativePoint="LEFT">
							<Offset>
								<AbsDimension x="-20" y="0" />
							</Offset>
						</Anchor>
					</Anchors>
					<Color r=".4" g=".6" b="1" a="1" />
				</FontString>
			</Layer>
		</Layers>
		<Scripts>
			<OnEnter>
				HitsMode:OnMouseEnter(this:GetParent());
			</OnEnter>
			<OnLeave>
				HitsMode:OnMouseLeave(this:GetParent());
			</OnLeave>
			<OnValueChanged>
				PlaySound("igMainMenuOptionCheckBoxOn");
				getglobal(this:GetName().."ValueText"):SetText(this:GetValue());
				HitsMode:SliderOnValueChanged(this:GetParent());
			</OnValueChanged>
		</Scripts>
		<ThumbTexture name="$parentThumb" file="Interface\Buttons\UI-SliderBar-Button-Horizontal">
			<Size>
				<AbsDimension x="32" y="32"/>
			</Size>
		</ThumbTexture>
	</Slider>


 <!-- The composite template for each option line -->
 <Frame name="HMOptionLineTemplate" virtual="true" hidden="false">
  <Size>
   <AbsDimension x="580" y="18"/>
  </Size>

  <Layers>
   <Layer level="BACKGROUND">

    <!-- Highlight box -->
    <Texture name="$parent_HighlightBox" hidden="true" file="Interface\AddOns\HitsMode\Skin\HitsMode-HighlightBar">
     <Size>
      <AbsDimension x="577" y="22"/>
     </Size>
     <Anchors>
      <Anchor point="TOPLEFT" />
     </Anchors>
    </Texture>
    <!-- Header highlight box -->
    <Texture name="$parent_HeaderHighlightBox" hidden="true" file="Interface\AddOns\HitsMode\Skin\HitsMode-HeaderHighlightBar">
     <Size>
      <AbsDimension x="577" y="22"/>
     </Size>
     <Anchors>
      <Anchor point="TOPLEFT" />
     </Anchors>
    </Texture>

   </Layer>

   <Layer level="ARTWORK">

    <!-- Description -->
    <FontString name="$parent_Description" inherits="ChatFontNormal" justifyH="LEFT" text="">
     <Anchors>
      <Anchor point="LEFT" relativePoint="LEFT">
       <Offset>
        <AbsDimension x="80" y="0" />
       </Offset>
      </Anchor>
     </Anchors>
     <FontHeight>
      <AbsValue val="13" />
     </FontHeight>
     <Color r="1" g="1" b="1" />
     <Shadow>
      <Offset>
       <AbsDimension x="1" y="-1"/>
      </Offset>
      <Color r="0" g="0" b="0"/>
     </Shadow>
    </FontString>

    <!-- Heading -->
    <FontString name="$parent_Heading" inherits="ChatFontNormal" justifyH="LEFT" text="" outline="NONE">
					<Anchors>
						<Anchor point="LEFT" relativePoint="LEFT">
							<Offset>
								<AbsDimension x="80" y="0" />
							</Offset>
						</Anchor>
					</Anchors>
					<FontHeight>
      <AbsValue val="14" />
     </FontHeight>
     <Color r="0.984313" g="0.823529" b="0.517647" />
     <Shadow>
      <Color r="0" g="0" b="0"/>
      <Offset>
       <AbsDimension x="1" y="-1"/>
      </Offset>
     </Shadow>
    </FontString>

    <!-- Divider line -->
    <Texture name="$parent_DividerLine">
     <Size>
      <AbsDimension x="577" y="1"/>
     </Size>
     <Anchors>
      <Anchor point="TOPLEFT">
       <Offset>
        <AbsDimension x="0" y="-18" />
       </Offset>
      </Anchor>
     </Anchors>
     <Color r="0" g="0" b="0" />
    </Texture>
   </Layer>

  </Layers>


  <Frames>

   <!-- Check boxes -->
   <CheckButton name="$parent_CheckButton1" id="1" inherits="HMCheckButtonTemplate">
    <Anchors>
     <Anchor point="LEFT" relativePoint="LEFT">
      <Offset>
       <AbsDimension x="2" y="0"/>
      </Offset>
     </Anchor>
    </Anchors>
   </CheckButton>
   <CheckButton name="$parent_CheckButton2" id="2" inherits="HMCheckButtonTemplate">
    <Anchors>
					<Anchor point="LEFT" relativePoint="LEFT">
						<Offset>
       <AbsDimension x="20" y="0"/>
      </Offset>
     </Anchor>
    </Anchors>
   </CheckButton>
   <CheckButton name="$parent_CheckButton3" id="3" inherits="HMCheckButtonTemplate">
    <Anchors>
					<Anchor point="LEFT" relativePoint="LEFT">
						<Offset>
       <AbsDimension x="38" y="0"/>
      </Offset>
     </Anchor>
    </Anchors>
   </CheckButton>
   <CheckButton name="$parent_CheckButton4" id="4" inherits="HMCheckButtonTemplate">
    <Anchors>
					<Anchor point="LEFT" relativePoint="LEFT">
						<Offset>
       <AbsDimension x="56" y="0"/>
      </Offset>
     </Anchor>
    </Anchors>
   </CheckButton>

   <!-- Color swatch -->
   <Button name="$parent_Color" inherits="HMColorSwatchTemplate">
    <Anchors>
     <Anchor point="LEFT" relativePoint="LEFT">
      <Offset>
       <AbsDimension x="498" y="-1"/>
      </Offset>
     </Anchor>
    </Anchors>
   </Button>

   <!-- Slider -->
   <Slider name="$parent_Slider" inherits="HMSliderTemplate">
    <Anchors>
     <Anchor point="LEFT" relativePoint="LEFT">
      <Offset>
       <AbsDimension x="383" y="0"/>
      </Offset>
     </Anchor>
    </Anchors>
   </Slider>

   <!-- Delete button -->
   <Button name="$parent_Delete" inherits="OptionsButtonTemplate" text="DELETE">
    <Anchors>
     <Anchor point="RIGHT" relativePoint="RIGHT">
      <Offset>
       <AbsDimension x="-4" y="0"/>
      </Offset>
     </Anchor>
    </Anchors>
    <Size>
     <AbsDimension x="60" y="18"/>
    </Size>
    <Scripts>
     <OnClick>
      HitsMode:DeletePreset(this:GetParent().presetName);
     </OnClick>
     <OnEnter>
						HitsMode:OnMouseEnter(this:GetParent());
					</OnEnter>
     <OnLeave>
      HitsMode:OnMouseLeave(this:GetParent());
     </OnLeave>
    </Scripts>
   </Button>

   <!-- Load button -->
   <Button name="$parent_Load" inherits="OptionsButtonTemplate">
    <Anchors>
     <Anchor point="RIGHT" relativePoint="LEFT" relativeTo="$parent_Delete">
      <Offset>
       <AbsDimension x="0" y="0"/>
      </Offset>
     </Anchor>
    </Anchors>
    <Size>
     <AbsDimension x="50" y="18"/>
    </Size>
    <Scripts>
     <OnClick>
      HitsMode:LoadPreset(this:GetParent().presetName);
     </OnClick>
     <OnEnter>
						HitsMode:OnMouseEnter(this:GetParent());
					</OnEnter>
     <OnLeave>
      HitsMode:OnMouseLeave(this:GetParent());
     </OnLeave>
    </Scripts>
   </Button>

			<!-- Edit box -->
			<EditBox name="$parent_EditBox" inherits="InputBoxTemplate" historyLines="5" autoFocus="false">
				<Size>
					<AbsDimension x="300" y="32"/>
				</Size>
				<Anchors>
					<Anchor point="RIGHT" relativePoint="RIGHT">
						<Offset>
							<AbsDimension x="-4" y="0"/>
						</Offset>
					</Anchor>
				</Anchors>
				<Scripts>
					<OnEnter>
						HitsMode:OnMouseEnter(this:GetParent());
					</OnEnter>
					<OnLeave>
						HitsMode:OnMouseLeave(this:GetParent());
					</OnLeave>
					<OnTextChanged>
						HitsMode:EditBoxOnTextChanged(this);
					</OnTextChanged>
					<OnEditFocusLost>
						this:HighlightText(0, 0);
					</OnEditFocusLost>
					<OnEditFocusGained>
						this:HighlightText();
					</OnEditFocusGained>
				</Scripts>
			</EditBox>

		</Frames>

  <!-- Mouse actions -->
  <Scripts>
   <OnEnter>
				HitsMode:OnMouseEnter(this);
			</OnEnter>
   <OnLeave>
    HitsMode:OnMouseLeave(this);
   </OnLeave>
  </Scripts>

 </Frame>


	<Frame name="HMOptions" toplevel="true" frameStrata="MEDIUM" enableMouse="true" movable="true" hidden="true" parent="UIParent">
		<Size>
			<AbsDimension x="636" y="565" />
		</Size>
		<Anchors>
			<Anchor point="CENTER" />
		</Anchors>

		<Layers>

			<!-- Black transparent background -->
			<Layer level="BACKGROUND">

				<Texture>
					<Anchors>
						<Anchor point="TOPLEFT">
							<Offset x="18" y="-20" />
						</Anchor>
					</Anchors>
					<Size x="610" y="500" />
					<Color r="0" b="0" g="0" a=".7" />
				</Texture>

			</Layer>

			<!-- Dialog background textures -->
			<Layer level="ARTWORK">

				<Texture name="HitsModeTopLeft" file="Interface\AddOns\HitsMode\Skin\HitsMode-TopLeft">
					<Size>
						<AbsDimension x="512" y="512" />
					</Size>
					<Anchors>
						<Anchor point="TOPLEFT" relativePoint="TOPLEFT" relativeTo="HMOptions">
							<Offset>
								<AbsDimension x="-3" y="31" />
							</Offset>
						</Anchor>
					</Anchors>
				</Texture>

				<Texture file="Interface\AddOns\HitsMode\Skin\HitsMode-TopRight">
					<Size>
						<AbsDimension x="512" y="512" />
					</Size>
					<Anchors>
						<Anchor point="TOPLEFT" relativePoint="TOPRIGHT" relativeTo="HitsModeTopLeft">
							<Offset>
								<AbsDimension x="-34" y="0" />
							</Offset>
						</Anchor>
					</Anchors>
				</Texture>

				<Texture file="Interface\AddOns\HitsMode\Skin\HitsMode-BotLeft">
					<Size>
						<AbsDimension x="512" y="512" />
					</Size>
					<Anchors>
						<Anchor point="TOPLEFT" relativePoint="BOTTOMLEFT" relativeTo="HitsModeTopLeft">
							<Offset>
								<AbsDimension x="0" y="24" />
							</Offset>
						</Anchor>
					</Anchors>
				</Texture>

				<Texture file="Interface\AddOns\HitsMode\Skin\HitsMode-BotRight">
					<Size>
						<AbsDimension x="512" y="512" />
					</Size>
					<Anchors>
						<Anchor point="TOPLEFT" relativePoint="BOTTOMRIGHT" relativeTo="HitsModeTopLeft">
							<Offset>
								<AbsDimension x="-34" y="24" />
							</Offset>
						</Anchor>
					</Anchors>
				</Texture>

			</Layer>

			<Layer level="OVERLAY">

				<!-- Title -->
				<FontString inherits="GameFontNormal" name="HMOptionsWindowHeaderText">
					<Anchors>
						<Anchor point="TOP" relativeTo="HMOptions">
							<Offset x="0" y="7" />
						</Anchor>
					</Anchors>
				</FontString>

				<!-- Resource usage -->
				<FontString inherits="GameFontNormalSmall" justifyH="RIGHT" name="HMResourceUsage">
					<Anchors>
						<Anchor point="TOPRIGHT" relativeTo="HMOptions" relativePoint="TOPRIGHT">
							<Offset x="-40" y="5" />
						</Anchor>
					</Anchors>
					<Color r="1" g="1" b="1" />
				</FontString>

			</Layer>

		</Layers>


		<Frames>

			<!-- The close icon -->
			<Button name="HMCloseButton2" inherits="UIPanelCloseButton">
				<Anchors>
					<Anchor point="TOPRIGHT" relativePoint="TOPRIGHT" relativeTo="HMOptions">
						<Offset>
							<AbsDimension x="-4" y="16"/>
						</Offset>
					</Anchor>
				</Anchors>
			</Button>

			<!-- The help button -->
			<Button name="HMHelpMicroButton" inherits="MainMenuBarMicroButton">
				<Anchors>
					<Anchor point="TOPRIGHT" relativeTo="HMOptions" relativePoint="TOPRIGHT">
						<Offset>
							<AbsDimension x="-10" y="11"/>
						</Offset>
					</Anchor>
				</Anchors>
				<Scripts>
					<OnLoad>
						HitsMode:HelpOnLoad();
					</OnLoad>
					<OnClick>
						HitsMode:ShowHelp();
					</OnClick>
					<OnUpdate>
						HitsMode:HelpOnUpdate();
					</OnUpdate>
				</Scripts>
			</Button>

			<!-- A hidden box around the options -->
			<Frame name="HMOptionsPaneBgFrame">
				<Size>
					<AbsDimension x="610" y="478" />
				</Size>
				<Anchors>
					<Anchor point="BOTTOM" relativePoint="BOTTOM" relativeTo="HMOptions">
						<Offset>
							<AbsDimension x="1" y="42" />
						</Offset>
					</Anchor>
				</Anchors>
			</Frame>

			<!-- The actual scroll frame -->
			<ScrollFrame name="HMOptionsPane" inherits="FauxScrollFrameTemplate">
				<Size>
					<AbsDimension x="583" y="472" />
				</Size>
				<Anchors>
					<Anchor point="TOPLEFT" relativePoint="TOPLEFT" relativeTo="HMOptionsPaneBgFrame">
						<Offset>
							<AbsDimension x="0" y="-4" />
						</Offset>
					</Anchor>
				</Anchors>
				<Scripts>
					<OnVerticalScroll>
						HitsMode:OptionsOnVerticalScroll();
					</OnVerticalScroll>
				</Scripts>
			</ScrollFrame>

			<!-- Buttons -->
			<Button name="HMSavePresetButton" inherits="OptionsButtonTemplate">
				<Anchors>
					<Anchor point="TOPRIGHT" relativePoint="TOPRIGHT" relativeTo="HMOptionsPaneBgFrame">
						<Offset>
							<AbsDimension x="-30" y="25"/>
						</Offset>
					</Anchor>
				</Anchors>
				<Scripts>
					<OnClick>
						HitsMode:SavePresetOnClick();
					</OnClick>
					<OnEnter>
						HitsMode:OnMouseEnter(this);
					</OnEnter>
					<OnLeave>
						HitsMode:OnMouseLeave(this);
					</OnLeave>
				</Scripts>
			</Button>

			<!-- Tabs -->
			<Button name="HMOptionsPaneBgFrameTab1" inherits="TabButtonTemplate" id="1">
				<Anchors>
					<Anchor point="BOTTOMLEFT" relativePoint="TOPLEFT" relativeTo="HMOptionsPaneBgFrame">
						<Offset>
							<AbsDimension x="50" y="0"/>
						</Offset>
					</Anchor>
				</Anchors>
				<Scripts>
					<OnClick>
						HitsMode:SwitchPanel(tonumber(string.sub(this:GetName(), -1)));
					</OnClick>
				</Scripts>
			</Button>
			<Button name="HMOptionsPaneBgFrameTab2" inherits="TabButtonTemplate" id="2">
				<Anchors>
					<Anchor point="TOPLEFT" relativeTo="HMOptionsPaneBgFrameTab1" relativePoint="TOPRIGHT">
						<Offset>
							<AbsDimension x="-1" y="0"/>
						</Offset>
					</Anchor>
				</Anchors>
				<Scripts>
					<OnClick>
						HitsMode:SwitchPanel(tonumber(string.sub(this:GetName(), -1)));
					</OnClick>
				</Scripts>
			</Button>
			<Button name="HMOptionsPaneBgFrameTab3" inherits="TabButtonTemplate" id="3">
				<Anchors>
					<Anchor point="TOPLEFT" relativeTo="HMOptionsPaneBgFrameTab2" relativePoint="TOPRIGHT">
						<Offset>
							<AbsDimension x="-4" y="0"/>
						</Offset>
					</Anchor>
				</Anchors>
				<Scripts>
					<OnClick>
						HitsMode:SwitchPanel(tonumber(string.sub(this:GetName(), -1)));
					</OnClick>
				</Scripts>
			</Button>
			<Button name="HMOptionsPaneBgFrameTab4" inherits="TabButtonTemplate" id="4">
				<Anchors>
					<Anchor point="TOPLEFT" relativeTo="HMOptionsPaneBgFrameTab3" relativePoint="TOPRIGHT">
						<Offset>
							<AbsDimension x="-4" y="0"/>
						</Offset>
					</Anchor>
				</Anchors>
				<Scripts>
					<OnClick>
						HitsMode:SwitchPanel(tonumber(string.sub(this:GetName(), -1)));
					</OnClick>
				</Scripts>
			</Button>
			<Button name="HMOptionsPaneBgFrameTab5" inherits="TabButtonTemplate" id="5">
				<Anchors>
					<Anchor point="TOPLEFT" relativeTo="HMOptionsPaneBgFrameTab4" relativePoint="TOPRIGHT">
						<Offset>
							<AbsDimension x="-4" y="0"/>
						</Offset>
					</Anchor>
				</Anchors>
				<Scripts>
					<OnClick>
						HitsMode:SwitchPanel(tonumber(string.sub(this:GetName(), -1)));
					</OnClick>
				</Scripts>
			</Button>
			<Button name="HMOptionsPaneBgFrameTab6" inherits="TabButtonTemplate" id="6">
				<Anchors>
					<Anchor point="TOPLEFT" relativeTo="HMOptionsPaneBgFrameTab5" relativePoint="TOPRIGHT">
						<Offset>
							<AbsDimension x="-4" y="0"/>
						</Offset>
					</Anchor>
				</Anchors>
				<Scripts>
					<OnClick>
						HitsMode:SwitchPanel(tonumber(string.sub(this:GetName(), -1)));
					</OnClick>
				</Scripts>
			</Button>

			<!-- Option Lines -->
			<Frame name="HMOptionLine1" inherits="HMOptionLineTemplate" id="1">
				<Anchors>
					<Anchor point="TOPLEFT" relativeTo="HMOptionsPane" relativePoint="TOPLEFT">
						<Offset>
							<AbsDimension x="5" y="0"/>
						</Offset>
					</Anchor>
				</Anchors>
			</Frame>
			<Frame name="HMOptionLine2" inherits="HMOptionLineTemplate" id="2">
				<Anchors>
					<Anchor point="TOPLEFT" relativeTo="HMOptionLine1" relativePoint="BOTTOMLEFT"></Anchor>
				</Anchors>
			</Frame>
			<Frame name="HMOptionLine3" inherits="HMOptionLineTemplate" id="3">
				<Anchors>
					<Anchor point="TOPLEFT" relativeTo="HMOptionLine2" relativePoint="BOTTOMLEFT"></Anchor>
				</Anchors>
			</Frame>
			<Frame name="HMOptionLine4" inherits="HMOptionLineTemplate" id="4">
				<Anchors>
					<Anchor point="TOPLEFT" relativeTo="HMOptionLine3" relativePoint="BOTTOMLEFT"></Anchor>
				</Anchors>
			</Frame>
			<Frame name="HMOptionLine5" inherits="HMOptionLineTemplate" id="5">
				<Anchors>
					<Anchor point="TOPLEFT" relativeTo="HMOptionLine4" relativePoint="BOTTOMLEFT"></Anchor>
				</Anchors>
			</Frame>
			<Frame name="HMOptionLine6" inherits="HMOptionLineTemplate" id="6">
				<Anchors>
					<Anchor point="TOPLEFT" relativeTo="HMOptionLine5" relativePoint="BOTTOMLEFT"></Anchor>
				</Anchors>
			</Frame>
			<Frame name="HMOptionLine7" inherits="HMOptionLineTemplate" id="7">
				<Anchors>
					<Anchor point="TOPLEFT" relativeTo="HMOptionLine6" relativePoint="BOTTOMLEFT"></Anchor>
				</Anchors>
			</Frame>
			<Frame name="HMOptionLine8" inherits="HMOptionLineTemplate" id="8">
				<Anchors>
					<Anchor point="TOPLEFT" relativeTo="HMOptionLine7" relativePoint="BOTTOMLEFT"></Anchor>
				</Anchors>
			</Frame>
			<Frame name="HMOptionLine9" inherits="HMOptionLineTemplate" id="9">
				<Anchors>
					<Anchor point="TOPLEFT" relativeTo="HMOptionLine8" relativePoint="BOTTOMLEFT"></Anchor>
				</Anchors>
			</Frame>
			<Frame name="HMOptionLine10" inherits="HMOptionLineTemplate" id="10">
				<Anchors>
					<Anchor point="TOPLEFT" relativeTo="HMOptionLine9" relativePoint="BOTTOMLEFT"></Anchor>
				</Anchors>
			</Frame>
			<Frame name="HMOptionLine11" inherits="HMOptionLineTemplate" id="11">
				<Anchors>
					<Anchor point="TOPLEFT" relativeTo="HMOptionLine10" relativePoint="BOTTOMLEFT"></Anchor>
				</Anchors>
			</Frame>
			<Frame name="HMOptionLine12" inherits="HMOptionLineTemplate" id="12">
				<Anchors>
					<Anchor point="TOPLEFT" relativeTo="HMOptionLine11" relativePoint="BOTTOMLEFT"></Anchor>
				</Anchors>
			</Frame>
			<Frame name="HMOptionLine13" inherits="HMOptionLineTemplate" id="13">
				<Anchors>
					<Anchor point="TOPLEFT" relativeTo="HMOptionLine12" relativePoint="BOTTOMLEFT"></Anchor>
				</Anchors>
			</Frame>
			<Frame name="HMOptionLine14" inherits="HMOptionLineTemplate" id="14">
				<Anchors>
					<Anchor point="TOPLEFT" relativeTo="HMOptionLine13" relativePoint="BOTTOMLEFT"></Anchor>
				</Anchors>
			</Frame>
			<Frame name="HMOptionLine15" inherits="HMOptionLineTemplate" id="15">
				<Anchors>
					<Anchor point="TOPLEFT" relativeTo="HMOptionLine14" relativePoint="BOTTOMLEFT"></Anchor>
				</Anchors>
			</Frame>
			<Frame name="HMOptionLine16" inherits="HMOptionLineTemplate" id="16">
				<Anchors>
					<Anchor point="TOPLEFT" relativeTo="HMOptionLine15" relativePoint="BOTTOMLEFT"></Anchor>
				</Anchors>
			</Frame>
			<Frame name="HMOptionLine17" inherits="HMOptionLineTemplate" id="17">
				<Anchors>
					<Anchor point="TOPLEFT" relativeTo="HMOptionLine16" relativePoint="BOTTOMLEFT"></Anchor>
				</Anchors>
			</Frame>
			<Frame name="HMOptionLine18" inherits="HMOptionLineTemplate" id="18">
				<Anchors>
					<Anchor point="TOPLEFT" relativeTo="HMOptionLine17" relativePoint="BOTTOMLEFT"></Anchor>
				</Anchors>
			</Frame>
			<Frame name="HMOptionLine19" inherits="HMOptionLineTemplate" id="19">
				<Anchors>
					<Anchor point="TOPLEFT" relativeTo="HMOptionLine18" relativePoint="BOTTOMLEFT"></Anchor>
				</Anchors>
			</Frame>
			<Frame name="HMOptionLine20" inherits="HMOptionLineTemplate" id="20">
				<Anchors>
					<Anchor point="TOPLEFT" relativeTo="HMOptionLine19" relativePoint="BOTTOMLEFT"></Anchor>
				</Anchors>
			</Frame>
			<Frame name="HMOptionLine21" inherits="HMOptionLineTemplate" id="21">
				<Anchors>
					<Anchor point="TOPLEFT" relativeTo="HMOptionLine20" relativePoint="BOTTOMLEFT"></Anchor>
				</Anchors>
			</Frame>
			<Frame name="HMOptionLine22" inherits="HMOptionLineTemplate" id="22">
				<Anchors>
					<Anchor point="TOPLEFT" relativeTo="HMOptionLine21" relativePoint="BOTTOMLEFT"></Anchor>
				</Anchors>
			</Frame>
			<Frame name="HMOptionLine23" inherits="HMOptionLineTemplate" id="23">
				<Anchors>
					<Anchor point="TOPLEFT" relativeTo="HMOptionLine22" relativePoint="BOTTOMLEFT"></Anchor>
				</Anchors>
			</Frame>
			<Frame name="HMOptionLine24" inherits="HMOptionLineTemplate" id="24">
				<Anchors>
					<Anchor point="TOPLEFT" relativeTo="HMOptionLine23" relativePoint="BOTTOMLEFT"></Anchor>
				</Anchors>
			</Frame>
			<Frame name="HMOptionLine25" inherits="HMOptionLineTemplate" id="25">
				<Anchors>
					<Anchor point="TOPLEFT" relativeTo="HMOptionLine24" relativePoint="BOTTOMLEFT"></Anchor>
				</Anchors>
			</Frame>
			<Frame name="HMOptionLine26" inherits="HMOptionLineTemplate" id="26">
				<Anchors>
					<Anchor point="TOPLEFT" relativeTo="HMOptionLine25" relativePoint="BOTTOMLEFT"></Anchor>
				</Anchors>
			</Frame>


		</Frames>


		<Scripts>
			<OnMouseUp>
				if (this.isMoving) then
				this:StopMovingOrSizing();
				this.isMoving = false;
				end
			</OnMouseUp>
			<OnMouseDown>
				if (arg1 == "LeftButton") then
				this:StartMoving();
				this.isMoving = true;
				end
			</OnMouseDown>
			<OnShow>
				HitsMode:OptionsFrameOnShow();
			</OnShow>
			<OnHide>
				if (this.isMoving) then
				this:StopMovingOrSizing();
				this.isMoving = false;
				end
				HitsMode:OptionsFrameOnHide();
			</OnHide>
		</Scripts>
	</Frame>


	<ColorSelect name="HMColorPicker" frameStrata="HIGH" toplevel="true" parent="UIParent" movable="true" enableMouse="true" enableKeyboard="true" hidden="true">

		<Size>
			<AbsDimension x="365" y="200"/>
		</Size>
		<Anchors>
			<Anchor point="CENTER"/>
		</Anchors>
		<Backdrop bgFile="Interface\DialogFrame\UI-DialogBox-Background" edgeFile="Interface\DialogFrame\UI-DialogBox-Border" tile="true">
			<BackgroundInsets>
				<AbsInset left="11" right="12" top="12" bottom="11"/>
			</BackgroundInsets>
			<TileSize>
				<AbsValue val="32"/>
			</TileSize>
			<EdgeSize>
				<AbsValue val="32"/>
			</EdgeSize>
		</Backdrop>
		<Layers>

			<Layer level="ARTWORK">
				<Texture name="HMColorSwatch">
					<Size>
						<AbsDimension x="32" y="32"/>
					</Size>
					<Anchors>
						<Anchor point="TOPLEFT">
							<Offset>
								<AbsDimension x="235" y="-32"/>
							</Offset>
						</Anchor>
					</Anchors>
					<Color r="1.0" g="1.0" b="1.0" a="1.0"/>
				</Texture>
			</Layer>
		</Layers>
		<Frames>

			<EditBox name="HMColorPicker_ValueR" inherits="InputBoxTemplate" historyLines="50" autoFocus="false" letters="3" numeric="true">
				<Size>
					<AbsDimension x="50" y="32"/>
				</Size>
				<Anchors>
					<Anchor point="TOPLEFT">
						<Offset>
							<AbsDimension x="235" y="-80" />
						</Offset>
					</Anchor>
				</Anchors>
				<Scripts>
					<OnTextChanged>
						HitsMode:ColorPickerOnTextChanged();
					</OnTextChanged>
					<OnEditFocusLost>
						this:HighlightText(0, 0);
					</OnEditFocusLost>
					<OnEditFocusGained>
						this:HighlightText();
					</OnEditFocusGained>
				</Scripts>
			</EditBox>
			<EditBox name="HMColorPicker_ValueG" inherits="InputBoxTemplate" historyLines="50" autoFocus="false" letters="3" numeric="true">
				<Size>
					<AbsDimension x="50" y="32"/>
				</Size>
				<Anchors>
					<Anchor point="TOPLEFT">
						<Offset>
							<AbsDimension x="235" y="-100"/>
						</Offset>
					</Anchor>
				</Anchors>
				<Scripts>
					<OnTextChanged>
						HitsMode:ColorPickerOnTextChanged();
					</OnTextChanged>
					<OnEditFocusLost>
						this:HighlightText(0, 0);
					</OnEditFocusLost>
					<OnEditFocusGained>
						this:HighlightText();
					</OnEditFocusGained>
				</Scripts>
			</EditBox>
			<EditBox name="HMColorPicker_ValueB" inherits="InputBoxTemplate" historyLines="50" autoFocus="false" letters="3" numeric="true">
				<Size>
					<AbsDimension x="50" y="32"/>
				</Size>
				<Anchors>
					<Anchor point="TOPLEFT">
						<Offset>
							<AbsDimension x="235" y="-120"/>
						</Offset>
					</Anchor>
				</Anchors>
				<Scripts>
					<OnTextChanged>
						HitsMode:ColorPickerOnTextChanged();
					</OnTextChanged>
					<OnEditFocusLost>
						this:HighlightText(0, 0);
					</OnEditFocusLost>
					<OnEditFocusGained>
						this:HighlightText();
					</OnEditFocusGained>
				</Scripts>
			</EditBox>

			<Button name="HMColorPickerCancelButton" inherits="GameMenuButtonTemplate" text="CANCEL">
				<Anchors>
					<Anchor point="BOTTOMRIGHT">
						<Offset>
							<AbsDimension x="-80" y="20"/>
						</Offset>
					</Anchor>
				</Anchors>
				<Size>
					<AbsDimension x="70" y="25"/>
				</Size>
				<Scripts>
					<OnClick>
						HMColorPicker:Hide();
						HitsMode:CancelFunc();
					</OnClick>
				</Scripts>
			</Button>
			<Button name="HMColorPickerOkayButton" inherits="GameMenuButtonTemplate" text="OKAY">
				<Anchors>
					<Anchor point="BOTTOMLEFT">
						<Offset>
							<AbsDimension x="80" y="20"/>
						</Offset>
					</Anchor>
				</Anchors>
				<Size>
					<AbsDimension x="70" y="25"/>
				</Size>
				<Scripts>
					<OnClick>
						HitsMode:ColorFunc();
						HMColorPicker:Hide();
					</OnClick>
				</Scripts>
			</Button>
			<Button name="HMColorPickerCopyButton" inherits="GameMenuButtonTemplate">
				<Anchors>
					<Anchor point="TOPRIGHT" relativePoint="TOPRIGHT" relativeTo="HMColorPicker">
						<Offset>
							<AbsDimension x="-20" y="-20"/>
						</Offset>
					</Anchor>
				</Anchors>
				<Size>
					<AbsDimension x="60" y="20"/>
				</Size>
				<Scripts>
					<OnClick>
						HitsMode:ColorPickerCopy();
					</OnClick>
				</Scripts>
			</Button>
			<Button name="HMColorPickerPasteButton" inherits="GameMenuButtonTemplate">
				<Anchors>
					<Anchor point="TOPRIGHT" relativePoint="TOPRIGHT" relativeTo="HMColorPicker">
						<Offset>
							<AbsDimension x="-20" y="-44"/>
						</Offset>
					</Anchor>
				</Anchors>
				<Size>
					<AbsDimension x="60" y="20"/>
				</Size>
				<Scripts>
					<OnClick>
						HitsMode:ColorPickerPaste();
					</OnClick>
				</Scripts>
			</Button>
		</Frames>
		<Scripts>
			<OnColorSelect>
				HMColorSwatch:SetTexture(arg1, arg2, arg3);
				HitsMode:ColorFunc();
			</OnColorSelect>
			<OnKeyDown>
				if (arg1 == "ESCAPE") then
				this:Hide();
				if (HMColorPicker.cancelFunc) then
				HMColorPicker.cancelFunc(HMColorPicker.previousValues);
				end
				end
			</OnKeyDown>
			<OnHide>
				if (this.isMoving) then
				this:StopMovingOrSizing();
				this.isMoving = false;
				end
			</OnHide>
		</Scripts>
		<ColorWheelTexture name="HMColorPickerWheel">
			<Size>
				<AbsDimension x="128" y="128"/>
			</Size>
			<Anchors>
				<Anchor point="TOPLEFT">
					<Offset>
						<AbsDimension x="24" y="-22"/>
					</Offset>
				</Anchor>
			</Anchors>
		</ColorWheelTexture>
		<ColorWheelThumbTexture file="Interface\Buttons\UI-ColorPicker-Buttons">
			<Size>
				<AbsDimension x="10" y="10"/>
			</Size>
			<TexCoords left="0" right="0.15625" top="0" bottom="0.625"/>
		</ColorWheelThumbTexture>
		<ColorValueTexture>
			<Size>
				<AbsDimension x="32" y="128"/>
			</Size>
			<Anchors>
				<Anchor point="LEFT" relativeTo="HMColorPickerWheel" relativePoint="RIGHT">
					<Offset>
						<AbsDimension x="24" y="0"/>
					</Offset>
				</Anchor>
			</Anchors>
		</ColorValueTexture>
		<ColorValueThumbTexture file="Interface\Buttons\UI-ColorPicker-Buttons">
			<Size>
				<AbsDimension x="48" y="14"/>
			</Size>
			<TexCoords left="0.25" right="1.0" top="0" bottom="0.875"/>
		</ColorValueThumbTexture>
	</ColorSelect>


</Ui>
