﻿<?xml version="1.0" encoding="utf-8"?>
<ArrayOfBuff xmlns:xsd="http://www.w3.org/2001/XMLSchema" xmlns:xsi="http://www.w3.org/2001/XMLSchema-instance">
  <Buff>
    <Name>Power Word: Fortitude</Name>
    <Category>ClassBuffs</Category>
    <Stats>
      <Stamina>79</Stamina>
    </Stats>
    <Type>LongDurationNoDW</Type>
    <ConflictingBuffs />
    <SetThreshold>0</SetThreshold>
  </Buff>
  <Buff>
    <Name>Improved Power Word: Fortitude</Name>
    <Category>ClassBuffs</Category>
    <Stats>
      <Stamina>23</Stamina>
    </Stats>
    <Type>LongDurationNoDW</Type>
    <RequiredBuff>Power Word: Fortitude</RequiredBuff>
    <ConflictingBuffs />
    <SetThreshold>0</SetThreshold>
  </Buff>
  <Buff>
    <Name>Divine Spirit</Name>
    <Category>ClassBuffs</Category>
    <Stats>
      <Spirit>50</Spirit>
    </Stats>
    <Type>LongDurationNoDW</Type>
    <ConflictingBuffs />
    <SetThreshold>0</SetThreshold>
  </Buff>
  <Buff>
    <Name>Improved Divine Spirit</Name>
    <Category>ClassBuffs</Category>
    <Stats>
      <SpellDamageFromSpiritPercentage>0.1</SpellDamageFromSpiritPercentage>
    </Stats>
    <Type>LongDurationNoDW</Type>
    <RequiredBuff>Divine Spirit</RequiredBuff>
    <ConflictingBuffs />
    <SetThreshold>0</SetThreshold>
  </Buff>
  <Buff>
    <Name>Mark of the Wild</Name>
    <Category>ClassBuffs</Category>
    <Stats>
      <Armor>340</Armor>
      <Agility>14</Agility>
      <Stamina>14</Stamina>
      <Strength>14</Strength>
      <Intellect>14</Intellect>
      <Spirit>14</Spirit>
      <FrostResistanceBuff>25</FrostResistanceBuff>
      <NatureResistanceBuff>25</NatureResistanceBuff>
      <FireResistanceBuff>25</FireResistanceBuff>
      <ShadowResistanceBuff>25</ShadowResistanceBuff>
      <ArcaneResistanceBuff>25</ArcaneResistanceBuff>
    </Stats>
    <Type>LongDurationNoDW</Type>
    <ConflictingBuffs />
    <SetThreshold>0</SetThreshold>
  </Buff>
  <Buff>
    <Name>Improved Mark of the Wild</Name>
    <Category>ClassBuffs</Category>
    <Stats>
      <Armor>119</Armor>
      <Agility>4</Agility>
      <Stamina>4</Stamina>
      <Strength>4</Strength>
      <Intellect>4</Intellect>
      <Spirit>4</Spirit>
      <FrostResistanceBuff>33</FrostResistanceBuff>
      <NatureResistanceBuff>33</NatureResistanceBuff>
      <FireResistanceBuff>33</FireResistanceBuff>
      <ShadowResistanceBuff>33</ShadowResistanceBuff>
      <ArcaneResistanceBuff>33</ArcaneResistanceBuff>
    </Stats>
    <Type>LongDurationNoDW</Type>
    <RequiredBuff>Mark of the Wild</RequiredBuff>
    <ConflictingBuffs />
    <SetThreshold>0</SetThreshold>
  </Buff>
  <Buff>
    <Name>Shadow Protection</Name>
    <Category>ClassBuffs</Category>
    <Stats>
      <ShadowResistanceBuff>70</ShadowResistanceBuff>
    </Stats>
    <Type>LongDurationNoDW</Type>
    <ConflictingBuffs />
    <SetThreshold>0</SetThreshold>
  </Buff>
  <Buff>
    <Name>Aspect of the Wild</Name>
    <Category>ClassBuffs</Category>
    <Stats>
      <NatureResistanceBuff>70</NatureResistanceBuff>
    </Stats>
    <Type>LongDurationNoDW</Type>
    <ConflictingBuffs />
    <SetThreshold>0</SetThreshold>
  </Buff>
  <Buff>
    <Name>Frost Resistance Aura</Name>
    <Category>ClassBuffs</Category>
    <Stats>
      <FrostResistanceBuff>70</FrostResistanceBuff>
    </Stats>
    <Type>LongDurationNoDW</Type>
    <ConflictingBuffs />
    <SetThreshold>0</SetThreshold>
  </Buff>
  <Buff>
    <Name>Fire Resistance Aura</Name>
    <Category>ClassBuffs</Category>
    <Stats>
      <FireResistanceBuff>70</FireResistanceBuff>
    </Stats>
    <Type>LongDurationNoDW</Type>
    <ConflictingBuffs />
    <SetThreshold>0</SetThreshold>
  </Buff>
  <Buff>
    <Name>Blood Pact</Name>
    <Category>ClassBuffs</Category>
    <Stats>
      <Stamina>66</Stamina>
    </Stats>
    <Type>LongDurationNoDW</Type>
    <ConflictingBuffs />
    <SetThreshold>0</SetThreshold>
  </Buff>
  <Buff>
    <Name>Improved Blood Pact</Name>
    <Category>ClassBuffs</Category>
    <Stats>
      <Stamina>19</Stamina>
    </Stats>
    <Type>LongDurationNoDW</Type>
    <RequiredBuff>Blood Pact</RequiredBuff>
    <ConflictingBuffs />
    <SetThreshold>0</SetThreshold>
  </Buff>
  <Buff>
    <Name>Commanding Shout</Name>
    <Category>ClassBuffs</Category>
    <Stats>
      <Health>1080</Health>
    </Stats>
    <Type>LongDurationNoDW</Type>
    <ConflictingBuffs />
    <SetThreshold>0</SetThreshold>
  </Buff>
  <Buff>
    <Name>Improved Commanding Shout</Name>
    <Category>ClassBuffs</Category>
    <Stats>
      <Health>270</Health>
    </Stats>
    <Type>LongDurationNoDW</Type>
    <RequiredBuff>Commanding Shout</RequiredBuff>
    <ConflictingBuffs />
    <SetThreshold>0</SetThreshold>
  </Buff>
  <Buff>
    <Name>Devotion Aura</Name>
    <Category>ClassBuffs</Category>
    <Stats>
      <Armor>861</Armor>
    </Stats>
    <Type>LongDurationNoDW</Type>
    <ConflictingBuffs />
    <SetThreshold>0</SetThreshold>
  </Buff>
  <Buff>
    <Name>Improved Devotion Aura</Name>
    <Category>ClassBuffs</Category>
    <Stats>
      <Armor>344</Armor>
    </Stats>
    <Type>LongDurationNoDW</Type>
    <RequiredBuff>Devotion Aura</RequiredBuff>
    <ConflictingBuffs />
    <SetThreshold>0</SetThreshold>
  </Buff>
  <Buff>
    <Name>Concentration Aura</Name>
    <Category>ClassBuffs</Category>
    <Stats>
      <InterruptProtection>0.35</InterruptProtection>
    </Stats>
    <Type>LongDurationNoDW</Type>
    <ConflictingBuffs />
    <SetThreshold>0</SetThreshold>
  </Buff>
  <Buff>
    <Name>Improved Concentration Aura</Name>
    <Category>ClassBuffs</Category>
    <Stats>
      <InterruptProtection>0.15</InterruptProtection>
    </Stats>
    <Type>LongDurationNoDW</Type>
    <RequiredBuff>Concentration Aura</RequiredBuff>
    <ConflictingBuffs />
    <SetThreshold>0</SetThreshold>
  </Buff>
  <Buff>
    <Name>Ferocious Inspiration</Name>
    <Category>ClassBuffs</Category>
    <Stats>
      <BonusPhysicalDamageMultiplier>0.03</BonusPhysicalDamageMultiplier>
    </Stats>
    <Type>LongDurationNoDW</Type>
    <ConflictingBuffs />
    <SetThreshold>0</SetThreshold>
  </Buff>
  <Buff>
    <Name>Grace of Air Totem</Name>
    <Category>ClassBuffs</Category>
    <Stats>
      <Agility>77</Agility>
    </Stats>
    <Type>LongDurationNoDW</Type>
    <ConflictingBuffs />
    <SetThreshold>0</SetThreshold>
  </Buff>
  <Buff>
    <Name>Improved Grace of Air Totem</Name>
    <Category>ClassBuffs</Category>
    <Stats>
      <Agility>11</Agility>
    </Stats>
    <Type>LongDurationNoDW</Type>
    <RequiredBuff>Grace of Air Totem</RequiredBuff>
    <ConflictingBuffs />
    <SetThreshold>0</SetThreshold>
  </Buff>
  <Buff>
    <Name>Strength of Earth Totem</Name>
    <Category>ClassBuffs</Category>
    <Stats>
      <Strength>86</Strength>
    </Stats>
    <Type>LongDurationNoDW</Type>
    <ConflictingBuffs />
    <SetThreshold>0</SetThreshold>
  </Buff>
  <Buff>
    <Name>Improved Strength of Earth Totem</Name>
    <Category>ClassBuffs</Category>
    <Stats>
      <Strength>12</Strength>
    </Stats>
    <Type>LongDurationNoDW</Type>
    <RequiredBuff>Strength of Earth Totem</RequiredBuff>
    <ConflictingBuffs />
    <SetThreshold>0</SetThreshold>
  </Buff>
  <Buff>
    <Name>Battle Shout</Name>
    <Category>ClassBuffs</Category>
    <Stats>
      <AttackPower>305</AttackPower>
    </Stats>
    <Type>LongDurationNoDW</Type>
    <ConflictingBuffs />
    <SetThreshold>0</SetThreshold>
  </Buff>
  <Buff>
    <Name>Improved Battle Shout</Name>
    <Category>ClassBuffs</Category>
    <Stats>
      <AttackPower>76</AttackPower>
    </Stats>
    <Type>LongDurationNoDW</Type>
    <RequiredBuff>Battle Shout</RequiredBuff>
    <ConflictingBuffs />
    <SetThreshold>0</SetThreshold>
  </Buff>
  <Buff>
    <Name>Blessing of Might</Name>
    <Category>ClassBuffs</Category>
    <Stats>
      <AttackPower>220</AttackPower>
    </Stats>
    <Type>LongDurationNoDW</Type>
    <ConflictingBuffs />
    <SetThreshold>0</SetThreshold>
  </Buff>
  <Buff>
    <Name>Improved Blessing of Might</Name>
    <Category>ClassBuffs</Category>
    <Stats>
      <AttackPower>44</AttackPower>
    </Stats>
    <Type>LongDurationNoDW</Type>
    <RequiredBuff>Blessing of Might</RequiredBuff>
    <ConflictingBuffs />
    <SetThreshold>0</SetThreshold>
  </Buff>
  <Buff>
    <Name>Blessing of Kings</Name>
    <Category>ClassBuffs</Category>
    <Stats>
      <BonusAgilityMultiplier>0.1</BonusAgilityMultiplier>
      <BonusStrengthMultiplier>0.1</BonusStrengthMultiplier>
      <BonusStaminaMultiplier>0.1</BonusStaminaMultiplier>
      <BonusIntellectMultiplier>0.1</BonusIntellectMultiplier>
      <BonusSpiritMultiplier>0.1</BonusSpiritMultiplier>
    </Stats>
    <Type>LongDurationNoDW</Type>
    <ConflictingBuffs />
    <SetThreshold>0</SetThreshold>
  </Buff>
  <Buff>
    <Name>Unleashed Rage</Name>
    <Category>ClassBuffs</Category>
    <Stats>
      <BonusAttackPowerMultiplier>0.1</BonusAttackPowerMultiplier>
    </Stats>
    <Type>LongDurationNoDW</Type>
    <ConflictingBuffs />
    <SetThreshold>0</SetThreshold>
  </Buff>
  <Buff>
    <Name>Trueshot Aura</Name>
    <Category>ClassBuffs</Category>
    <Stats>
      <AttackPower>125</AttackPower>
    </Stats>
    <Type>LongDurationNoDW</Type>
    <ConflictingBuffs />
    <SetThreshold>0</SetThreshold>
  </Buff>
  <Buff>
    <Name>Heroic Presence</Name>
    <Category>ClassBuffs</Category>
    <Stats>
      <HitRating>15.769</HitRating>
    </Stats>
    <Type>LongDurationNoDW</Type>
    <ConflictingBuffs />
    <SetThreshold>0</SetThreshold>
  </Buff>
  <Buff>
    <Name>Inspiring Presence</Name>
    <Category>ClassBuffs</Category>
    <Stats>
      <SpellHitRating>12.62</SpellHitRating>
    </Stats>
    <Type>LongDurationNoDW</Type>
    <ConflictingBuffs />
    <SetThreshold>0</SetThreshold>
  </Buff>
  <Buff>
    <Name>Arcane Intellect</Name>
    <Category>ClassBuffs</Category>
    <Stats>
      <Intellect>40</Intellect>
    </Stats>
    <Type>LongDurationNoDW</Type>
    <ConflictingBuffs />
    <SetThreshold>0</SetThreshold>
  </Buff>
  <Buff>
    <Name>Wrath of Air Totem</Name>
    <Category>ClassBuffs</Category>
    <Stats>
      <SpellDamageRating>101</SpellDamageRating>
      <Healing>101</Healing>
    </Stats>
    <Type>LongDurationNoDW</Type>
    <ConflictingBuffs />
    <SetThreshold>0</SetThreshold>
  </Buff>
  <Buff>
    <Name>Mana Spring Totem</Name>
    <Category>ClassBuffs</Category>
    <Stats>
      <Mp5>50</Mp5>
    </Stats>
    <Type>LongDurationNoDW</Type>
    <ConflictingBuffs />
    <SetThreshold>0</SetThreshold>
  </Buff>
  <Buff>
    <Name>Totem of Wrath</Name>
    <Category>ClassBuffs</Category>
    <Stats>
      <SpellCritRating>66.24</SpellCritRating>
      <SpellHitRating>37.86</SpellHitRating>
    </Stats>
    <Type>LongDurationNoDW</Type>
    <ConflictingBuffs />
    <SetThreshold>0</SetThreshold>
  </Buff>
  <Buff>
    <Name>Tranquil Air Totem</Name>
    <Category>ClassBuffs</Category>
    <Stats>
      <ThreatReductionMultiplier>0.2</ThreatReductionMultiplier>
    </Stats>
    <Type>LongDurationNoDW</Type>
    <ConflictingBuffs />
    <SetThreshold>0</SetThreshold>
  </Buff>
  <Buff>
    <Name>Moonkin Aura</Name>
    <Category>ClassBuffs</Category>
    <Stats>
      <SpellCritRating>110.4</SpellCritRating>
    </Stats>
    <Type>LongDurationNoDW</Type>
    <ConflictingBuffs />
    <SetThreshold>0</SetThreshold>
  </Buff>
  <Buff>
    <Name>Blessing of Wisdom</Name>
    <Category>ClassBuffs</Category>
    <Stats>
      <Mp5>41</Mp5>
    </Stats>
    <Type>LongDurationNoDW</Type>
    <ConflictingBuffs />
    <SetThreshold>0</SetThreshold>
  </Buff>
  <Buff>
    <Name>Improved Blessing of Wisdom</Name>
    <Category>ClassBuffs</Category>
    <Stats>
      <Mp5>8</Mp5>
    </Stats>
    <Type>LongDurationNoDW</Type>
    <RequiredBuff>Blessing of Wisdom</RequiredBuff>
    <ConflictingBuffs />
    <SetThreshold>0</SetThreshold>
  </Buff>
  <Buff>
    <Name>Blessing of Salvation</Name>
    <Category>ClassBuffs</Category>
    <Stats>
      <ThreatReductionMultiplier>0.3</ThreatReductionMultiplier>
    </Stats>
    <Type>LongDurationNoDW</Type>
    <ConflictingBuffs />
    <SetThreshold>0</SetThreshold>
  </Buff>
  <Buff>
    <Name>Mage Armor</Name>
    <Category>ClassBuffs</Category>
    <Stats>
      <MageMageArmor>1</MageMageArmor>
    </Stats>
    <Type>LongDurationNoDW</Type>
    <ConflictingBuffs>
      <string>Armor</string>
    </ConflictingBuffs>
    <SetThreshold>0</SetThreshold>
  </Buff>
  <Buff>
    <Name>Molten Armor</Name>
    <Category>ClassBuffs</Category>
    <Stats>
      <MageMoltenArmor>1</MageMoltenArmor>
    </Stats>
    <Type>LongDurationNoDW</Type>
    <ConflictingBuffs>
      <string>Armor</string>
    </ConflictingBuffs>
    <SetThreshold>0</SetThreshold>
  </Buff>
  <Buff>
    <Name>Ice Armor</Name>
    <Category>ClassBuffs</Category>
    <Stats>
      <MageIceArmor>1</MageIceArmor>
    </Stats>
    <Type>LongDurationNoDW</Type>
    <ConflictingBuffs>
      <string>Armor</string>
    </ConflictingBuffs>
    <SetThreshold>0</SetThreshold>
  </Buff>
  <Buff>
    <Name>Elixir of Ironskin</Name>
    <Category>ElixirsAndFlasks</Category>
    <Stats>
      <Resilience>30</Resilience>
    </Stats>
    <Type>LongDurationNoDW</Type>
    <ConflictingBuffs>
      <string>Guardian Elixir</string>
    </ConflictingBuffs>
    <SetThreshold>0</SetThreshold>
  </Buff>
  <Buff>
    <Name>Elixir of Major Defense</Name>
    <Category>ElixirsAndFlasks</Category>
    <Stats>
      <Armor>550</Armor>
    </Stats>
    <Type>LongDurationNoDW</Type>
    <ConflictingBuffs>
      <string>Guardian Elixir</string>
    </ConflictingBuffs>
    <SetThreshold>0</SetThreshold>
  </Buff>
  <Buff>
    <Name>Elixir of Major Fortitude</Name>
    <Category>ElixirsAndFlasks</Category>
    <Stats>
      <Health>250</Health>
    </Stats>
    <Type>LongDurationNoDW</Type>
    <ConflictingBuffs>
      <string>Guardian Elixir</string>
    </ConflictingBuffs>
    <SetThreshold>0</SetThreshold>
  </Buff>
  <Buff>
    <Name>Elixir of Major Agility</Name>
    <Category>ElixirsAndFlasks</Category>
    <Stats>
      <Agility>35</Agility>
      <CritRating>20</CritRating>
    </Stats>
    <Type>LongDurationNoDW</Type>
    <ConflictingBuffs>
      <string>Battle Elixir</string>
    </ConflictingBuffs>
    <SetThreshold>0</SetThreshold>
  </Buff>
  <Buff>
    <Name>Elixir of Demonslaying</Name>
    <Category>ElixirsAndFlasks</Category>
    <Stats>
      <AttackPower>265</AttackPower>
    </Stats>
    <Type>LongDurationNoDW</Type>
    <ConflictingBuffs>
      <string>Battle Elixir</string>
    </ConflictingBuffs>
    <SetThreshold>0</SetThreshold>
  </Buff>
  <Buff>
    <Name>Elixir of Mastery</Name>
    <Category>ElixirsAndFlasks</Category>
    <Stats>
      <Agility>15</Agility>
      <Stamina>15</Stamina>
      <Strength>15</Strength>
      <Intellect>15</Intellect>
      <Spirit>15</Spirit>
    </Stats>
    <Type>LongDurationNoDW</Type>
    <ConflictingBuffs>
      <string>Battle Elixir</string>
    </ConflictingBuffs>
    <SetThreshold>0</SetThreshold>
  </Buff>
  <Buff>
    <Name>Elixir of Major Strength</Name>
    <Category>ElixirsAndFlasks</Category>
    <Stats>
      <Strength>35</Strength>
    </Stats>
    <Type>LongDurationNoDW</Type>
    <ConflictingBuffs>
      <string>Battle Elixir</string>
    </ConflictingBuffs>
    <SetThreshold>0</SetThreshold>
  </Buff>
  <Buff>
    <Name>Flask of Fortification</Name>
    <Category>ElixirsAndFlasks</Category>
    <Stats>
      <Health>500</Health>
      <DefenseRating>10</DefenseRating>
    </Stats>
    <Type>LongDurationNoDW</Type>
    <ConflictingBuffs>
      <string>Battle Elixir</string>
      <string>Guardian Elixir</string>
    </ConflictingBuffs>
    <SetThreshold>0</SetThreshold>
  </Buff>
  <Buff>
    <Name>Flask of Chromatic Wonder</Name>
    <Category>ElixirsAndFlasks</Category>
    <Stats>
      <Agility>18</Agility>
      <Stamina>18</Stamina>
      <Strength>18</Strength>
      <Intellect>18</Intellect>
      <Spirit>18</Spirit>
      <FrostResistance>35</FrostResistance>
      <NatureResistance>35</NatureResistance>
      <FireResistance>35</FireResistance>
      <ShadowResistance>35</ShadowResistance>
      <ArcaneResistance>35</ArcaneResistance>
    </Stats>
    <Type>LongDurationNoDW</Type>
    <ConflictingBuffs>
      <string>Battle Elixir</string>
      <string>Guardian Elixir</string>
    </ConflictingBuffs>
    <SetThreshold>0</SetThreshold>
  </Buff>
  <Buff>
    <Name>Flask of Relentless Assault</Name>
    <Category>ElixirsAndFlasks</Category>
    <Stats>
      <AttackPower>120</AttackPower>
    </Stats>
    <Type>LongDurationNoDW</Type>
    <ConflictingBuffs>
      <string>Battle Elixir</string>
      <string>Guardian Elixir</string>
    </ConflictingBuffs>
    <SetThreshold>0</SetThreshold>
  </Buff>
  <Buff>
    <Name>Adept's Elixir</Name>
    <Category>ElixirsAndFlasks</Category>
    <Stats>
      <SpellCritRating>24</SpellCritRating>
      <SpellDamageRating>24</SpellDamageRating>
      <Healing>24</Healing>
    </Stats>
    <Type>LongDurationNoDW</Type>
    <ConflictingBuffs>
      <string>Battle Elixir</string>
    </ConflictingBuffs>
    <SetThreshold>0</SetThreshold>
  </Buff>
  <Buff>
    <Name>Greater Arcane Elixir</Name>
    <Category>ElixirsAndFlasks</Category>
    <Stats>
      <SpellDamageRating>35</SpellDamageRating>
    </Stats>
    <Type>LongDurationNoDW</Type>
    <ConflictingBuffs>
      <string>Battle Elixir</string>
    </ConflictingBuffs>
    <SetThreshold>0</SetThreshold>
  </Buff>
  <Buff>
    <Name>Elixir of Healing Power</Name>
    <Category>ElixirsAndFlasks</Category>
    <Stats>
      <Healing>50</Healing>
    </Stats>
    <Type>LongDurationNoDW</Type>
    <ConflictingBuffs>
      <string>Battle Elixir</string>
    </ConflictingBuffs>
    <SetThreshold>0</SetThreshold>
  </Buff>
  <Buff>
    <Name>Elixir of Major Firepower</Name>
    <Category>ElixirsAndFlasks</Category>
    <Stats>
      <SpellFireDamageRating>55</SpellFireDamageRating>
    </Stats>
    <Type>LongDurationNoDW</Type>
    <ConflictingBuffs>
      <string>Battle Elixir</string>
    </ConflictingBuffs>
    <SetThreshold>0</SetThreshold>
  </Buff>
  <Buff>
    <Name>Elixir of Major Frost Power</Name>
    <Category>ElixirsAndFlasks</Category>
    <Stats>
      <SpellFrostDamageRating>55</SpellFrostDamageRating>
    </Stats>
    <Type>LongDurationNoDW</Type>
    <ConflictingBuffs>
      <string>Battle Elixir</string>
    </ConflictingBuffs>
    <SetThreshold>0</SetThreshold>
  </Buff>
  <Buff>
    <Name>Elixir of Major Shadow Power</Name>
    <Category>ElixirsAndFlasks</Category>
    <Stats>
      <SpellShadowDamageRating>55</SpellShadowDamageRating>
    </Stats>
    <Type>LongDurationNoDW</Type>
    <ConflictingBuffs>
      <string>Battle Elixir</string>
    </ConflictingBuffs>
    <SetThreshold>0</SetThreshold>
  </Buff>
  <Buff>
    <Name>Elixir of Draenic Wisdom</Name>
    <Category>ElixirsAndFlasks</Category>
    <Stats>
      <Intellect>30</Intellect>
      <Spirit>30</Spirit>
    </Stats>
    <Type>LongDurationNoDW</Type>
    <ConflictingBuffs>
      <string>Guardian Elixir</string>
    </ConflictingBuffs>
    <SetThreshold>0</SetThreshold>
  </Buff>
  <Buff>
    <Name>Elixir of Major Mageblood</Name>
    <Category>ElixirsAndFlasks</Category>
    <Stats>
      <Mp5>16</Mp5>
    </Stats>
    <Type>LongDurationNoDW</Type>
    <ConflictingBuffs>
      <string>Guardian Elixir</string>
    </ConflictingBuffs>
    <SetThreshold>0</SetThreshold>
  </Buff>
  <Buff>
    <Name>Flask of Blinding Light</Name>
    <Category>ElixirsAndFlasks</Category>
    <Stats>
      <SpellArcaneDamageRating>80</SpellArcaneDamageRating>
      <SpellHolyDamageRating>80</SpellHolyDamageRating>
      <SpellNatureDamageRating>80</SpellNatureDamageRating>
    </Stats>
    <Type>LongDurationNoDW</Type>
    <ConflictingBuffs>
      <string>Battle Elixir</string>
      <string>Guardian Elixir</string>
    </ConflictingBuffs>
    <SetThreshold>0</SetThreshold>
  </Buff>
  <Buff>
    <Name>Flask of Distilled Wisdom</Name>
    <Category>ElixirsAndFlasks</Category>
    <Stats>
      <Intellect>65</Intellect>
    </Stats>
    <Type>LongDurationNoDW</Type>
    <ConflictingBuffs>
      <string>Battle Elixir</string>
      <string>Guardian Elixir</string>
    </ConflictingBuffs>
    <SetThreshold>0</SetThreshold>
  </Buff>
  <Buff>
    <Name>Flask of Mighty Restoration</Name>
    <Category>ElixirsAndFlasks</Category>
    <Stats>
      <Mp5>25</Mp5>
    </Stats>
    <Type>LongDurationNoDW</Type>
    <ConflictingBuffs>
      <string>Battle Elixir</string>
      <string>Guardian Elixir</string>
    </ConflictingBuffs>
    <SetThreshold>0</SetThreshold>
  </Buff>
  <Buff>
    <Name>Flask of Pure Death</Name>
    <Category>ElixirsAndFlasks</Category>
    <Stats>
      <SpellShadowDamageRating>80</SpellShadowDamageRating>
      <SpellFireDamageRating>80</SpellFireDamageRating>
      <SpellFrostDamageRating>80</SpellFrostDamageRating>
    </Stats>
    <Type>LongDurationNoDW</Type>
    <ConflictingBuffs>
      <string>Battle Elixir</string>
      <string>Guardian Elixir</string>
    </ConflictingBuffs>
    <SetThreshold>0</SetThreshold>
  </Buff>
  <Buff>
    <Name>Flask of Supreme Power</Name>
    <Category>ElixirsAndFlasks</Category>
    <Stats>
      <SpellDamageRating>70</SpellDamageRating>
    </Stats>
    <Type>LongDurationNoDW</Type>
    <ConflictingBuffs>
      <string>Battle Elixir</string>
      <string>Guardian Elixir</string>
    </ConflictingBuffs>
    <SetThreshold>0</SetThreshold>
  </Buff>
  <Buff>
    <Name>Haste Potion</Name>
    <Category>OtherConsumables</Category>
    <Stats>
      <HasteRating>50</HasteRating>
    </Stats>
    <Type>LongDurationNoDW</Type>
    <ConflictingBuffs>
      <string>Potion</string>
    </ConflictingBuffs>
    <SetThreshold>0</SetThreshold>
  </Buff>
  <Buff>
    <Name>20 Stamina Food</Name>
    <Category>OtherConsumables</Category>
    <Stats>
      <Stamina>20</Stamina>
      <Spirit>20</Spirit>
    </Stats>
    <Type>LongDurationNoDW</Type>
    <ConflictingBuffs>
      <string>Food</string>
    </ConflictingBuffs>
    <SetThreshold>0</SetThreshold>
  </Buff>
  <Buff>
    <Name>30 Stamina Food</Name>
    <Category>OtherConsumables</Category>
    <Stats>
      <Stamina>30</Stamina>
      <Spirit>20</Spirit>
    </Stats>
    <Type>LongDurationNoDW</Type>
    <ConflictingBuffs>
      <string>Food</string>
    </ConflictingBuffs>
    <SetThreshold>0</SetThreshold>
  </Buff>
  <Buff>
    <Name>20 Agility Food</Name>
    <Category>OtherConsumables</Category>
    <Stats>
      <Agility>20</Agility>
      <Spirit>20</Spirit>
    </Stats>
    <Type>LongDurationNoDW</Type>
    <ConflictingBuffs>
      <string>Food</string>
    </ConflictingBuffs>
    <SetThreshold>0</SetThreshold>
  </Buff>
  <Buff>
    <Name>20 Strength Food</Name>
    <Category>OtherConsumables</Category>
    <Stats>
      <Strength>20</Strength>
      <Spirit>20</Spirit>
    </Stats>
    <Type>LongDurationNoDW</Type>
    <ConflictingBuffs>
      <string>Food</string>
    </ConflictingBuffs>
    <SetThreshold>0</SetThreshold>
  </Buff>
  <Buff>
    <Name>40 Attack Power Food</Name>
    <Category>OtherConsumables</Category>
    <Stats>
      <AttackPower>40</AttackPower>
      <Spirit>20</Spirit>
    </Stats>
    <Type>LongDurationNoDW</Type>
    <ConflictingBuffs>
      <string>Food</string>
    </ConflictingBuffs>
    <SetThreshold>0</SetThreshold>
  </Buff>
  <Buff>
    <Name>20 Hit Rating Food</Name>
    <Category>OtherConsumables</Category>
    <Stats>
      <Spirit>20</Spirit>
      <HitRating>20</HitRating>
    </Stats>
    <Type>LongDurationNoDW</Type>
    <ConflictingBuffs>
      <string>Food</string>
    </ConflictingBuffs>
    <SetThreshold>0</SetThreshold>
  </Buff>
  <Buff>
    <Name>Scroll of Protection</Name>
    <Category>OtherConsumables</Category>
    <Stats>
      <Armor>300</Armor>
    </Stats>
    <Type>LongDurationNoDW</Type>
    <ConflictingBuffs />
    <SetThreshold>0</SetThreshold>
  </Buff>
  <Buff>
    <Name>Scroll of Agility</Name>
    <Category>OtherConsumables</Category>
    <Stats>
      <Agility>20</Agility>
    </Stats>
    <Type>LongDurationNoDW</Type>
    <ConflictingBuffs />
    <SetThreshold>0</SetThreshold>
  </Buff>
  <Buff>
    <Name>Scroll of Strength</Name>
    <Category>OtherConsumables</Category>
    <Stats>
      <Strength>20</Strength>
    </Stats>
    <Type>LongDurationNoDW</Type>
    <ConflictingBuffs />
    <SetThreshold>0</SetThreshold>
  </Buff>
  <Buff>
    <Name>Rumsey Rum Black Label</Name>
    <Category>OtherConsumables</Category>
    <Stats>
      <Stamina>15</Stamina>
    </Stats>
    <Type>LongDurationNoDW</Type>
    <ConflictingBuffs />
    <SetThreshold>0</SetThreshold>
  </Buff>
  <Buff>
    <Name>Adamantite Weightstone</Name>
    <Category>OtherConsumables</Category>
    <Stats>
      <WeaponDamage>12</WeaponDamage>
      <CritRating>14</CritRating>
    </Stats>
    <Type>LongDurationNoDW</Type>
    <ConflictingBuffs>
      <string>Temporary Weapon Enchantment</string>
    </ConflictingBuffs>
    <SetThreshold>0</SetThreshold>
  </Buff>
  <Buff>
    <Name>Righteous Weapon Coating</Name>
    <Category>OtherConsumables</Category>
    <Stats>
      <AttackPower>60</AttackPower>
    </Stats>
    <Type>LongDurationNoDW</Type>
    <ConflictingBuffs>
      <string>Temporary Weapon Enchantment</string>
    </ConflictingBuffs>
    <SetThreshold>0</SetThreshold>
  </Buff>
  <Buff>
    <Name>Elemental Sharpening Stone</Name>
    <Category>OtherConsumables</Category>
    <Stats>
      <CritRating>28</CritRating>
    </Stats>
    <Type>LongDurationNoDW</Type>
    <ConflictingBuffs>
      <string>Temporary Weapon Enchantment</string>
    </ConflictingBuffs>
    <SetThreshold>0</SetThreshold>
  </Buff>
  <Buff>
    <Name>Superior Wizard Oil</Name>
    <Category>OtherConsumables</Category>
    <Stats>
      <SpellDamageRating>42</SpellDamageRating>
      <Healing>42</Healing>
    </Stats>
    <Type>LongDurationNoDW</Type>
    <ConflictingBuffs>
      <string>Temporary Weapon Enchantment</string>
    </ConflictingBuffs>
    <SetThreshold>0</SetThreshold>
  </Buff>
  <Buff>
    <Name>Brilliant Wizard Oil</Name>
    <Category>OtherConsumables</Category>
    <Stats>
      <SpellCritRating>14</SpellCritRating>
      <SpellDamageRating>36</SpellDamageRating>
    </Stats>
    <Type>LongDurationNoDW</Type>
    <ConflictingBuffs>
      <string>Temporary Weapon Enchantment</string>
    </ConflictingBuffs>
    <SetThreshold>0</SetThreshold>
  </Buff>
  <Buff>
    <Name>20 Spell Crit Food</Name>
    <Category>OtherConsumables</Category>
    <Stats>
      <Spirit>20</Spirit>
      <SpellCritRating>20</SpellCritRating>
    </Stats>
    <Type>LongDurationNoDW</Type>
    <ConflictingBuffs>
      <string>Food</string>
    </ConflictingBuffs>
    <SetThreshold>0</SetThreshold>
  </Buff>
  <Buff>
    <Name>23 Spell Damage Food</Name>
    <Category>OtherConsumables</Category>
    <Stats>
      <Spirit>20</Spirit>
      <SpellDamageRating>23</SpellDamageRating>
    </Stats>
    <Type>LongDurationNoDW</Type>
    <ConflictingBuffs>
      <string>Food</string>
    </ConflictingBuffs>
    <SetThreshold>0</SetThreshold>
  </Buff>
  <Buff>
    <Name>Superior Mana Oil</Name>
    <Category>OtherConsumables</Category>
    <Stats>
      <Mp5>14</Mp5>
    </Stats>
    <Type>LongDurationNoDW</Type>
    <ConflictingBuffs>
      <string>Temporary Weapon Enchantment</string>
    </ConflictingBuffs>
    <SetThreshold>0</SetThreshold>
  </Buff>
  <Buff>
    <Name>Brilliant Mana Oil</Name>
    <Category>OtherConsumables</Category>
    <Stats>
      <Healing>22</Healing>
      <Mp5>12</Mp5>
    </Stats>
    <Type>LongDurationNoDW</Type>
    <ConflictingBuffs>
      <string>Temporary Weapon Enchantment</string>
    </ConflictingBuffs>
    <SetThreshold>0</SetThreshold>
  </Buff>
  <Buff>
    <Name>8 mp5 Food</Name>
    <Category>OtherConsumables</Category>
    <Stats>
      <Stamina>20</Stamina>
      <Mp5>8</Mp5>
    </Stats>
    <Type>LongDurationNoDW</Type>
    <ConflictingBuffs>
      <string>Food</string>
    </ConflictingBuffs>
    <SetThreshold>0</SetThreshold>
  </Buff>
  <Buff>
    <Name>44 Healing Food</Name>
    <Category>OtherConsumables</Category>
    <Stats>
      <Spirit>20</Spirit>
      <Healing>44</Healing>
    </Stats>
    <Type>LongDurationNoDW</Type>
    <ConflictingBuffs>
      <string>Food</string>
    </ConflictingBuffs>
    <SetThreshold>0</SetThreshold>
  </Buff>
  <Buff>
    <Name>Scorpid Sting</Name>
    <Category>Debuffs</Category>
    <Stats>
      <Miss>5</Miss>
    </Stats>
    <Type>LongDurationNoDW</Type>
    <ConflictingBuffs />
    <SetThreshold>0</SetThreshold>
  </Buff>
  <Buff>
    <Name>Insect Swarm</Name>
    <Category>Debuffs</Category>
    <Stats>
      <Miss>2</Miss>
    </Stats>
    <Type>LongDurationNoDW</Type>
    <ConflictingBuffs />
    <SetThreshold>0</SetThreshold>
  </Buff>
  <Buff>
    <Name>Dual Wielding Mob</Name>
    <Category>Debuffs</Category>
    <Stats>
      <Miss>20</Miss>
    </Stats>
    <Type>ShortDurationDW</Type>
    <ConflictingBuffs />
    <SetThreshold>0</SetThreshold>
  </Buff>
  <Buff>
    <Name>Sunwell Radiance Mob</Name>
    <Category>Debuffs</Category>
    <Stats>
      <Dodge>-20</Dodge>
      <Miss>-5</Miss>
    </Stats>
    <Type>ShortDurationDW</Type>
    <ConflictingBuffs />
    <SetThreshold>0</SetThreshold>
  </Buff>
  <Buff>
    <Name>Crushless Mob</Name>
    <Category>Debuffs</Category>
    <Stats>
      <CrushChanceReduction>15</CrushChanceReduction>
    </Stats>
    <Type>ShortDurationDW</Type>
    <ConflictingBuffs />
    <SetThreshold>0</SetThreshold>
  </Buff>
  <Buff>
    <Name>Mangle</Name>
    <Category>Debuffs</Category>
    <Stats>
      <BonusBleedDamageMultiplier>0.3</BonusBleedDamageMultiplier>
    </Stats>
    <Type>LongDurationNoDW</Type>
    <ConflictingBuffs />
    <SetThreshold>0</SetThreshold>
  </Buff>
  <Buff>
    <Name>Faerie Fire</Name>
    <Category>Debuffs</Category>
    <Stats>
      <ArmorPenetration>610</ArmorPenetration>
    </Stats>
    <Type>LongDurationNoDW</Type>
    <ConflictingBuffs />
    <SetThreshold>0</SetThreshold>
  </Buff>
  <Buff>
    <Name>Improved Faerie Fire</Name>
    <Category>Debuffs</Category>
    <Stats>
      <HitRating>47.3077</HitRating>
    </Stats>
    <Type>LongDurationNoDW</Type>
    <RequiredBuff>Faerie Fire</RequiredBuff>
    <ConflictingBuffs />
    <SetThreshold>0</SetThreshold>
  </Buff>
  <Buff>
    <Name>Expose Armor (5cp)</Name>
    <Category>Debuffs</Category>
    <Stats>
      <ArmorPenetration>2050</ArmorPenetration>
    </Stats>
    <Type>LongDurationNoDW</Type>
    <ConflictingBuffs>
      <string>Sunder Armor</string>
    </ConflictingBuffs>
    <SetThreshold>0</SetThreshold>
  </Buff>
  <Buff>
    <Name>Improved Expose Armor (5cp)</Name>
    <Category>Debuffs</Category>
    <Stats>
      <ArmorPenetration>1025</ArmorPenetration>
    </Stats>
    <Type>LongDurationNoDW</Type>
    <RequiredBuff>Expose Armor (5cp)</RequiredBuff>
    <ConflictingBuffs />
    <SetThreshold>0</SetThreshold>
  </Buff>
  <Buff>
    <Name>Sunder Armor (x5)</Name>
    <Category>Debuffs</Category>
    <Stats>
      <ArmorPenetration>2600</ArmorPenetration>
    </Stats>
    <Type>LongDurationNoDW</Type>
    <ConflictingBuffs>
      <string>Sunder Armor</string>
    </ConflictingBuffs>
    <SetThreshold>0</SetThreshold>
  </Buff>
  <Buff>
    <Name>Curse of Recklessness</Name>
    <Category>Debuffs</Category>
    <Stats>
      <ArmorPenetration>800</ArmorPenetration>
    </Stats>
    <Type>LongDurationNoDW</Type>
    <ConflictingBuffs />
    <SetThreshold>0</SetThreshold>
  </Buff>
  <Buff>
    <Name>Improved Hunters Mark</Name>
    <Category>Debuffs</Category>
    <Stats>
      <AttackPower>110</AttackPower>
    </Stats>
    <Type>LongDurationNoDW</Type>
    <ConflictingBuffs />
    <SetThreshold>0</SetThreshold>
  </Buff>
  <Buff>
    <Name>Expose Weakness</Name>
    <Category>Debuffs</Category>
    <Stats>
      <ExposeWeakness>1</ExposeWeakness>
    </Stats>
    <Type>LongDurationNoDW</Type>
    <ConflictingBuffs />
    <SetThreshold>0</SetThreshold>
  </Buff>
  <Buff>
    <Name>Improved Judgement of the Crusade</Name>
    <Category>Debuffs</Category>
    <Stats>
      <SpellCritRating>66.23077</SpellCritRating>
      <CritRating>66.23077</CritRating>
    </Stats>
    <Type>LongDurationNoDW</Type>
    <ConflictingBuffs />
    <SetThreshold>0</SetThreshold>
  </Buff>
  <Buff>
    <Name>Improved Scorch</Name>
    <Category>Debuffs</Category>
    <Stats>
      <BonusFireSpellPowerMultiplier>0.15</BonusFireSpellPowerMultiplier>
    </Stats>
    <Type>LongDurationNoDW</Type>
    <ConflictingBuffs />
    <SetThreshold>0</SetThreshold>
  </Buff>
  <Buff>
    <Name>Winter's Chill</Name>
    <Category>Debuffs</Category>
    <Stats>
      <SpellFrostCritRating>220.769226</SpellFrostCritRating>
    </Stats>
    <Type>LongDurationNoDW</Type>
    <ConflictingBuffs />
    <SetThreshold>0</SetThreshold>
  </Buff>
  <Buff>
    <Name>Curse of the Elements</Name>
    <Category>Debuffs</Category>
    <Stats>
      <BonusFireSpellPowerMultiplier>0.1</BonusFireSpellPowerMultiplier>
      <BonusShadowSpellPowerMultiplier>0.1</BonusShadowSpellPowerMultiplier>
      <BonusArcaneSpellPowerMultiplier>0.1</BonusArcaneSpellPowerMultiplier>
      <BonusFrostSpellPowerMultiplier>0.1</BonusFrostSpellPowerMultiplier>
    </Stats>
    <Type>LongDurationNoDW</Type>
    <ConflictingBuffs />
    <SetThreshold>0</SetThreshold>
  </Buff>
  <Buff>
    <Name>Improved Curse of the Elements</Name>
    <Category>Debuffs</Category>
    <Stats>
      <BonusFireSpellPowerMultiplier>0.0272727013</BonusFireSpellPowerMultiplier>
      <BonusShadowSpellPowerMultiplier>0.0272727013</BonusShadowSpellPowerMultiplier>
      <BonusArcaneSpellPowerMultiplier>0.0272727013</BonusArcaneSpellPowerMultiplier>
      <BonusFrostSpellPowerMultiplier>0.0272727013</BonusFrostSpellPowerMultiplier>
    </Stats>
    <Type>LongDurationNoDW</Type>
    <RequiredBuff>Curse of the Elements</RequiredBuff>
    <ConflictingBuffs />
    <SetThreshold>0</SetThreshold>
  </Buff>
  <Buff>
    <Name>Misery</Name>
    <Category>Debuffs</Category>
    <Stats>
      <BonusSpellPowerMultiplier>0.05</BonusSpellPowerMultiplier>
    </Stats>
    <Type>LongDurationNoDW</Type>
    <ConflictingBuffs />
    <SetThreshold>0</SetThreshold>
  </Buff>
  <Buff>
    <Name>Shadow Weaving</Name>
    <Category>Debuffs</Category>
    <Stats>
      <BonusShadowSpellPowerMultiplier>0.1</BonusShadowSpellPowerMultiplier>
    </Stats>
    <Type>LongDurationNoDW</Type>
    <ConflictingBuffs />
    <SetThreshold>0</SetThreshold>
  </Buff>
  <Buff>
    <Name>Judgement of Wisdom</Name>
    <Category>Debuffs</Category>
    <Stats>
      <ManaRestorePerHit>37</ManaRestorePerHit>
    </Stats>
    <Type>LongDurationNoDW</Type>
    <ConflictingBuffs />
    <SetThreshold>0</SetThreshold>
  </Buff>
  <Buff>
    <Name>Malorne Harness 2 Piece Bonus</Name>
    <Category>SetBonuses</Category>
    <Stats>
      <BloodlustProc>0.8</BloodlustProc>
    </Stats>
    <Type>LongDurationNoDW</Type>
    <ConflictingBuffs />
    <SetName>Malorne Harness</SetName>
    <SetThreshold>2</SetThreshold>
  </Buff>
  <Buff>
    <Name>Malorne Harness 4 Piece Bonus</Name>
    <Category>SetBonuses</Category>
    <Stats>
      <Armor>1400</Armor>
      <CatFormStrength>30</CatFormStrength>
    </Stats>
    <Type>LongDurationNoDW</Type>
    <ConflictingBuffs />
    <SetName>Malorne Harness</SetName>
    <SetThreshold>4</SetThreshold>
  </Buff>
  <Buff>
    <Name>Nordrassil Harness 4 Piece Bonus</Name>
    <Category>SetBonuses</Category>
    <Stats>
      <BonusShredDamage>75</BonusShredDamage>
      <BonusLacerateDamage>3</BonusLacerateDamage>
    </Stats>
    <Type>LongDurationNoDW</Type>
    <ConflictingBuffs />
    <SetName>Nordrassil Harness</SetName>
    <SetThreshold>4</SetThreshold>
  </Buff>
  <Buff>
    <Name>Thunderheart Harness 2 Piece Bonus</Name>
    <Category>SetBonuses</Category>
    <Stats>
      <MangleCatCostReduction>5</MangleCatCostReduction>
      <BonusMangleBearThreat>0.15</BonusMangleBearThreat>
    </Stats>
    <Type>LongDurationNoDW</Type>
    <ConflictingBuffs />
    <SetName>Thunderheart Harness</SetName>
    <SetThreshold>2</SetThreshold>
  </Buff>
  <Buff>
    <Name>Thunderheart Harness 4 Piece Bonus</Name>
    <Category>SetBonuses</Category>
    <Stats>
      <BonusRipDamageMultiplier>0.15</BonusRipDamageMultiplier>
      <BonusSwipeDamageMultiplier>0.15</BonusSwipeDamageMultiplier>
    </Stats>
    <Type>LongDurationNoDW</Type>
    <ConflictingBuffs />
    <SetName>Thunderheart Harness</SetName>
    <SetThreshold>4</SetThreshold>
  </Buff>
  <Buff>
    <Name>Gladiator Sanctuary 2 Piece Bonus</Name>
    <Category>SetBonuses</Category>
    <Stats>
      <Resilience>35</Resilience>
    </Stats>
    <Type>LongDurationNoDW</Type>
    <ConflictingBuffs />
    <SetName>Gladiator's Sanctuary</SetName>
    <SetThreshold>2</SetThreshold>
  </Buff>
  <Buff>
    <Name>Aldor Regalia 2 Piece Bonus</Name>
    <Category>SetBonuses</Category>
    <Stats>
      <AldorRegaliaInterruptProtection>1</AldorRegaliaInterruptProtection>
    </Stats>
    <Type>LongDurationNoDW</Type>
    <ConflictingBuffs />
    <SetName>Aldor Regalia</SetName>
    <SetThreshold>2</SetThreshold>
  </Buff>
  <Buff>
    <Name>Tirisfal Regalia 2 Piece Bonus</Name>
    <Category>SetBonuses</Category>
    <Stats>
      <ArcaneBlastBonus>0.2</ArcaneBlastBonus>
    </Stats>
    <Type>LongDurationNoDW</Type>
    <ConflictingBuffs />
    <SetName>Tirisfal Regalia</SetName>
    <SetThreshold>2</SetThreshold>
  </Buff>
  <Buff>
    <Name>Tirisfal Regalia 4 Piece Bonus</Name>
    <Category>SetBonuses</Category>
    <Stats>
      <SpellDamageFor6SecOnCrit>70</SpellDamageFor6SecOnCrit>
    </Stats>
    <Type>LongDurationNoDW</Type>
    <ConflictingBuffs />
    <SetName>Tirisfal Regalia</SetName>
    <SetThreshold>4</SetThreshold>
  </Buff>
  <Buff>
    <Name>Tempest Regalia 2 Piece Bonus</Name>
    <Category>SetBonuses</Category>
    <Stats>
      <EvocationExtension>2</EvocationExtension>
    </Stats>
    <Type>LongDurationNoDW</Type>
    <ConflictingBuffs />
    <SetName>Tempest Regalia</SetName>
    <SetThreshold>2</SetThreshold>
  </Buff>
  <Buff>
    <Name>Tempest Regalia 4 Piece Bonus</Name>
    <Category>SetBonuses</Category>
    <Stats>
      <BonusMageNukeMultiplier>0.05</BonusMageNukeMultiplier>
    </Stats>
    <Type>LongDurationNoDW</Type>
    <ConflictingBuffs />
    <SetName>Tempest Regalia</SetName>
    <SetThreshold>4</SetThreshold>
  </Buff>
  <Buff>
    <Name>Voidheart Raiment 2 Piece Bonus</Name>
    <Category>SetBonuses</Category>
    <Stats>
      <BonusWarlockSchoolDamageOnCast>135</BonusWarlockSchoolDamageOnCast>
    </Stats>
    <Type>LongDurationNoDW</Type>
    <ConflictingBuffs />
    <SetName>Voidheart Raiment</SetName>
    <SetThreshold>2</SetThreshold>
  </Buff>
  <Buff>
    <Name>Voidheart Raiment 4 Piece Bonus</Name>
    <Category>SetBonuses</Category>
    <Stats>
      <BonusWarlockDotExtension>3</BonusWarlockDotExtension>
    </Stats>
    <Type>LongDurationNoDW</Type>
    <ConflictingBuffs />
    <SetName>Voidheart Raiment</SetName>
    <SetThreshold>4</SetThreshold>
  </Buff>
  <Buff>
    <Name>Corruptor Raiment 4 Piece Bonus</Name>
    <Category>SetBonuses</Category>
    <Stats>
      <BonusWarlockDotDamageMultiplier>0.1</BonusWarlockDotDamageMultiplier>
    </Stats>
    <Type>LongDurationNoDW</Type>
    <ConflictingBuffs />
    <SetName>Corruptor Raiment</SetName>
    <SetThreshold>4</SetThreshold>
  </Buff>
  <Buff>
    <Name>Malefic Raiment 4 Piece Bonus</Name>
    <Category>SetBonuses</Category>
    <Stats>
      <BonusWarlockNukeMultiplier>0.06</BonusWarlockNukeMultiplier>
    </Stats>
    <Type>LongDurationNoDW</Type>
    <ConflictingBuffs />
    <SetName>Malefic Raiment</SetName>
    <SetThreshold>4</SetThreshold>
  </Buff>
  <Buff>
    <Name>Spellfire 3 Piece Bonus</Name>
    <Category>SetBonuses</Category>
    <Stats>
      <SpellDamageFromIntellectPercentage>0.07</SpellDamageFromIntellectPercentage>
    </Stats>
    <Type>LongDurationNoDW</Type>
    <ConflictingBuffs />
    <SetName>Wrath of Spellfire</SetName>
    <SetThreshold>3</SetThreshold>
  </Buff>
  <Buff>
    <Name>Spellstrike 2 Piece Bonus</Name>
    <Category>SetBonuses</Category>
    <Stats>
      <SpellDamageFor10SecOnHit_5>92</SpellDamageFor10SecOnHit_5>
    </Stats>
    <Type>LongDurationNoDW</Type>
    <ConflictingBuffs />
    <SetName>Spellstrike Infusion</SetName>
    <SetThreshold>2</SetThreshold>
  </Buff>
  <Buff>
    <Name>Crystalforge Armor 2 Piece</Name>
    <Category>SetBonuses</Category>
    <Stats>
      <BonusRetributionAura>15</BonusRetributionAura>
    </Stats>
    <Type>LongDurationNoDW</Type>
    <ConflictingBuffs />
    <SetName>Crystalforge Armor</SetName>
    <SetThreshold>2</SetThreshold>
  </Buff>
  <Buff>
    <Name>Crystalforge Armor 4 Piece</Name>
    <Category>SetBonuses</Category>
    <Stats />
    <Type>LongDurationNoDW</Type>
    <ConflictingBuffs />
    <SetName>Crystalforge Armor</SetName>
    <SetThreshold>4</SetThreshold>
  </Buff>
  <Buff>
    <Name>Lightbringer Raiment 2 Piece</Name>
    <Category>SetBonuses</Category>
    <Stats>
      <HLCrit>0.05</HLCrit>
    </Stats>
    <Type>LongDurationNoDW</Type>
    <ConflictingBuffs />
    <SetName>Lightbringer Raiment</SetName>
    <SetThreshold>2</SetThreshold>
  </Buff>
  <Buff>
    <Name>Lightbringer Raiment 4 Piece</Name>
    <Category>SetBonuses</Category>
    <Stats>
      <FoLMultiplier>0.05</FoLMultiplier>
    </Stats>
    <Type>LongDurationNoDW</Type>
    <ConflictingBuffs />
    <SetName>Lightbringer Raiment</SetName>
    <SetThreshold>4</SetThreshold>
  </Buff>
  <Buff>
    <Name>Lightbringer Armor 4 Piece</Name>
    <Category>SetBonuses</Category>
    <Stats>
      <ConsecrationMultiplier>0.1</ConsecrationMultiplier>
    </Stats>
    <Type>LongDurationNoDW</Type>
    <ConflictingBuffs />
    <SetName>Lightbringer Armor</SetName>
    <SetThreshold>4</SetThreshold>
  </Buff>
  <Buff>
    <Name>Malorne Raiment 2 Piece</Name>
    <Category>SetBonuses</Category>
    <Stats>
      <ManaRestorePerCast_5_15>120</ManaRestorePerCast_5_15>
    </Stats>
    <Type>LongDurationNoDW</Type>
    <ConflictingBuffs />
    <SetName>Malorne Raiment</SetName>
    <SetThreshold>2</SetThreshold>
  </Buff>
  <Buff>
    <Name>Nordrassil Raiment 2 Piece</Name>
    <Category>SetBonuses</Category>
    <Stats>
      <RegrowthExtraTicks>2</RegrowthExtraTicks>
    </Stats>
    <Type>LongDurationNoDW</Type>
    <ConflictingBuffs />
    <SetName>Nordrassil Raiment</SetName>
    <SetThreshold>2</SetThreshold>
  </Buff>
  <Buff>
    <Name>Nordrassil Raiment 4 Piece</Name>
    <Category>SetBonuses</Category>
    <Stats>
      <LifebloomFinalHealBonus>150</LifebloomFinalHealBonus>
    </Stats>
    <Type>LongDurationNoDW</Type>
    <ConflictingBuffs />
    <SetName>Nordrassil Raiment</SetName>
    <SetThreshold>4</SetThreshold>
  </Buff>
  <Buff>
    <Name>Thunderheart Raiment 4 Piece</Name>
    <Category>SetBonuses</Category>
    <Stats>
      <BonusHealingTouchMultiplier>0.05</BonusHealingTouchMultiplier>
    </Stats>
    <Type>LongDurationNoDW</Type>
    <ConflictingBuffs />
    <SetName>Thunderheart Raiment</SetName>
    <SetThreshold>4</SetThreshold>
  </Buff>
  <Buff>
    <Name>Windhawk Armor</Name>
    <Category>SetBonuses</Category>
    <Stats>
      <Mp5>8</Mp5>
    </Stats>
    <Type>LongDurationNoDW</Type>
    <ConflictingBuffs />
    <SetName>Windhawk Armor</SetName>
    <SetThreshold>3</SetThreshold>
  </Buff>
  <Buff>
    <Name>Malorne Regalia 2 Piece Bonus</Name>
    <Category>SetBonuses</Category>
    <Stats>
      <ManaRestorePerCast>6</ManaRestorePerCast>
    </Stats>
    <Type>LongDurationNoDW</Type>
    <ConflictingBuffs />
    <SetName>Malorne Regalia</SetName>
    <SetThreshold>2</SetThreshold>
  </Buff>
  <Buff>
    <Name>Malorne Regalia 4 Piece Bonus</Name>
    <Category>SetBonuses</Category>
    <Stats>
      <InnervateCooldownReduction>48</InnervateCooldownReduction>
    </Stats>
    <Type>LongDurationNoDW</Type>
    <ConflictingBuffs />
    <SetName>Malorne Regalia</SetName>
    <SetThreshold>4</SetThreshold>
  </Buff>
  <Buff>
    <Name>Nordrassil Regalia 4 Piece Bonus</Name>
    <Category>SetBonuses</Category>
    <Stats>
      <StarfireBonusWithDot>0.1</StarfireBonusWithDot>
    </Stats>
    <Type>LongDurationNoDW</Type>
    <ConflictingBuffs />
    <SetName>Nordrassil Regalia</SetName>
    <SetThreshold>4</SetThreshold>
  </Buff>
  <Buff>
    <Name>Thunderheart Regalia 2 Piece Bonus</Name>
    <Category>SetBonuses</Category>
    <Stats>
      <MoonfireExtension>3</MoonfireExtension>
    </Stats>
    <Type>LongDurationNoDW</Type>
    <ConflictingBuffs />
    <SetName>Thunderheart Regalia</SetName>
    <SetThreshold>2</SetThreshold>
  </Buff>
  <Buff>
    <Name>Thunderheart Regalia 4 Piece Bonus</Name>
    <Category>SetBonuses</Category>
    <Stats>
      <StarfireCritChance>0.05</StarfireCritChance>
    </Stats>
    <Type>LongDurationNoDW</Type>
    <ConflictingBuffs />
    <SetName>Thunderheart Regalia</SetName>
    <SetThreshold>4</SetThreshold>
  </Buff>
  <Buff>
    <Name>Destroyer Armor 2 Piece Bonus</Name>
    <Category>SetBonuses</Category>
    <Stats>
      <BlockValue>50</BlockValue>
    </Stats>
    <Type>LongDurationNoDW</Type>
    <ConflictingBuffs />
    <SetName>Destroyer Armor</SetName>
    <SetThreshold>2</SetThreshold>
  </Buff>
  <Buff>
    <Name>Destroyer Armor 4 Piece Bonus</Name>
    <Category>SetBonuses</Category>
    <Stats>
      <HasteRating>67</HasteRating>
    </Stats>
    <Type>LongDurationNoDW</Type>
    <ConflictingBuffs />
    <SetName>Destroyer Armor</SetName>
    <SetThreshold>4</SetThreshold>
  </Buff>
  <Buff>
    <Name>Onslaught Armor 2 Piece Bonus</Name>
    <Category>SetBonuses</Category>
    <Stats>
      <BonusCommandingShoutHP>170</BonusCommandingShoutHP>
    </Stats>
    <Type>LongDurationNoDW</Type>
    <ConflictingBuffs />
    <SetName>Onslaught Armor</SetName>
    <SetThreshold>2</SetThreshold>
  </Buff>
  <Buff>
    <Name>Onslaught Armor 4 Piece Bonus</Name>
    <Category>SetBonuses</Category>
    <Stats>
      <BonusShieldSlamDamage>0.1</BonusShieldSlamDamage>
    </Stats>
    <Type>LongDurationNoDW</Type>
    <ConflictingBuffs />
    <SetName>Onslaught Armor</SetName>
    <SetThreshold>4</SetThreshold>
  </Buff>
  <Buff>
    <Name>Primalstrike 3 Piece Bonus</Name>
    <Category>SetBonuses</Category>
    <Stats>
      <AttackPower>40</AttackPower>
    </Stats>
    <Type>LongDurationNoDW</Type>
    <ConflictingBuffs />
    <SetName>Primal Intent</SetName>
    <SetThreshold>3</SetThreshold>
  </Buff>
  <Buff>
    <Name>Fel Leather 3 Piece Bonus</Name>
    <Category>SetBonuses</Category>
    <Stats>
      <DodgeRating>20</DodgeRating>
    </Stats>
    <Type>LongDurationNoDW</Type>
    <ConflictingBuffs />
    <SetName>Fel Skin</SetName>
    <SetThreshold>3</SetThreshold>
  </Buff>
  <Buff>
    <Name>Heavy Clefthoof 3 Piece Bonus</Name>
    <Category>SetBonuses</Category>
    <Stats>
      <Strength>20</Strength>
    </Stats>
    <Type>LongDurationNoDW</Type>
    <ConflictingBuffs />
    <SetName>Strength of the Clefthoof</SetName>
    <SetThreshold>3</SetThreshold>
  </Buff>
  <Buff>
    <Name>Cyclone Raiment 2 Piece Bonus</Name>
    <Category>SetBonuses</Category>
    <Stats>
      <ManaSpringMp5Increase>7.5</ManaSpringMp5Increase>
    </Stats>
    <Type>LongDurationNoDW</Type>
    <ConflictingBuffs />
    <SetName>Cyclone Raiment</SetName>
    <SetThreshold>2</SetThreshold>
  </Buff>
  <Buff>
    <Name>Cataclysm Raiment 2 Piece Bonus</Name>
    <Category>SetBonuses</Category>
    <Stats>
      <LHWManaReduction>0.05</LHWManaReduction>
    </Stats>
    <Type>LongDurationNoDW</Type>
    <ConflictingBuffs />
    <SetName>Cataclysm Raiment</SetName>
    <SetThreshold>2</SetThreshold>
  </Buff>
  <Buff>
    <Name>Skyshatter Raiment 2 Piece Bonus</Name>
    <Category>SetBonuses</Category>
    <Stats>
      <CHManaReduction>0.1</CHManaReduction>
    </Stats>
    <Type>LongDurationNoDW</Type>
    <ConflictingBuffs />
    <SetName>Skyshatter Raiment</SetName>
    <SetThreshold>2</SetThreshold>
  </Buff>
  <Buff>
    <Name>Skyshatter Raiment 4 Piece Bonus</Name>
    <Category>SetBonuses</Category>
    <Stats>
      <CHHealIncrease>0.05</CHHealIncrease>
    </Stats>
    <Type>LongDurationNoDW</Type>
    <ConflictingBuffs />
    <SetName>Skyshatter Raiment</SetName>
    <SetThreshold>4</SetThreshold>
  </Buff>
  <Buff>
    <Name>Rift Stalker Armor 4 Piece Bonus</Name>
    <Category>SetBonuses</Category>
    <Stats>
      <BonusSteadyShotCrit>0.05</BonusSteadyShotCrit>
    </Stats>
    <Type>LongDurationNoDW</Type>
    <ConflictingBuffs />
    <SetName>Rift Stalker Armor</SetName>
    <SetThreshold>4</SetThreshold>
  </Buff>
  <Buff>
    <Name>Gronnstalker's Armor 4 Piece Bonus</Name>
    <Category>SetBonuses</Category>
    <Stats>
      <BonusSteadyShotDamageMultiplier>0.1</BonusSteadyShotDamageMultiplier>
    </Stats>
    <Type>LongDurationNoDW</Type>
    <ConflictingBuffs />
    <SetName>Gronnstalker's Armor</SetName>
    <SetThreshold>4</SetThreshold>
  </Buff>
  <Buff>
    <Name>Primal Mooncloth 3 Piece Bonus</Name>
    <Category>SetBonuses</Category>
    <Stats>
      <SpellCombatManaRegeneration>0.05</SpellCombatManaRegeneration>
    </Stats>
    <Type>LongDurationNoDW</Type>
    <ConflictingBuffs />
    <SetName>Primal Mooncloth</SetName>
    <SetThreshold>3</SetThreshold>
  </Buff>
  <Buff>
    <Name>Vestments of Absolution 2 Piece Bonus</Name>
    <Category>SetBonuses</Category>
    <Stats>
      <BonusPoHManaCostReductionMultiplier>0.1</BonusPoHManaCostReductionMultiplier>
    </Stats>
    <Type>LongDurationNoDW</Type>
    <ConflictingBuffs />
    <SetName>Vestments of Absolution</SetName>
    <SetThreshold>2</SetThreshold>
  </Buff>
  <Buff>
    <Name>Vestments of Absolution 4 Piece Bonus</Name>
    <Category>SetBonuses</Category>
    <Stats>
      <BonusGHHealingMultiplier>0.05</BonusGHHealingMultiplier>
    </Stats>
    <Type>LongDurationNoDW</Type>
    <ConflictingBuffs />
    <SetName>Vestments of Absolution</SetName>
    <SetThreshold>2</SetThreshold>
  </Buff>
  <Buff>
    <Name>Wastewalker 2 Piece Bonus</Name>
    <Category>SetBonuses</Category>
    <Stats>
      <HitRating>35</HitRating>
    </Stats>
    <Type>LongDurationNoDW</Type>
    <ConflictingBuffs />
    <SetName>Wastewalker Armor</SetName>
    <SetThreshold>2</SetThreshold>
  </Buff>
  <Buff>
    <Name>Wastewalker 4 Piece Bonus</Name>
    <Category>SetBonuses</Category>
    <Stats>
      <AttackPower>16</AttackPower>
    </Stats>
    <Type>LongDurationNoDW</Type>
    <ConflictingBuffs />
    <SetName>Wastewalker Armor</SetName>
    <SetThreshold>4</SetThreshold>
  </Buff>
  <Buff>
    <Name>Netherblade 2 Piece Bonus</Name>
    <Category>SetBonuses</Category>
    <Stats>
      <BonusSnDDuration>3</BonusSnDDuration>
    </Stats>
    <Type>LongDurationNoDW</Type>
    <ConflictingBuffs />
    <SetName>Netherblade</SetName>
    <SetThreshold>2</SetThreshold>
  </Buff>
  <Buff>
    <Name>Netherblade 4 Piece Bonus</Name>
    <Category>SetBonuses</Category>
    <Stats>
      <CPOnFinisher>0.15</CPOnFinisher>
    </Stats>
    <Type>LongDurationNoDW</Type>
    <ConflictingBuffs />
    <SetName>Netherblade</SetName>
    <SetThreshold>4</SetThreshold>
  </Buff>
  <Buff>
    <Name>Deathmantle 2 Piece Bonus</Name>
    <Category>SetBonuses</Category>
    <Stats>
      <BonusEvisEnvenomDamage>40</BonusEvisEnvenomDamage>
    </Stats>
    <Type>LongDurationNoDW</Type>
    <ConflictingBuffs />
    <SetName>Deathmantle</SetName>
    <SetThreshold>2</SetThreshold>
  </Buff>
  <Buff>
    <Name>Deathmantle 4 Piece Bonus</Name>
    <Category>SetBonuses</Category>
    <Stats>
      <BonusFreeFinisher>1</BonusFreeFinisher>
    </Stats>
    <Type>LongDurationNoDW</Type>
    <ConflictingBuffs />
    <SetName>Deathmantle</SetName>
    <SetThreshold>4</SetThreshold>
  </Buff>
  <Buff>
    <Name>Slayer's Armor 2 Piece Bonus</Name>
    <Category>SetBonuses</Category>
    <Stats>
      <BonusSnDHaste>0.05</BonusSnDHaste>
    </Stats>
    <Type>LongDurationNoDW</Type>
    <ConflictingBuffs />
    <SetName>Slayer's Armor</SetName>
    <SetThreshold>2</SetThreshold>
  </Buff>
  <Buff>
    <Name>Slayer's Armor 4 Piece Bonus</Name>
    <Category>SetBonuses</Category>
    <Stats>
      <BonusCPGDamage>0.06</BonusCPGDamage>
    </Stats>
    <Type>LongDurationNoDW</Type>
    <ConflictingBuffs />
    <SetName>Slayer's Armor</SetName>
    <SetThreshold>4</SetThreshold>
  </Buff>
  <Buff>
    <Name>Bloodlust</Name>
    <Category>TemporaryBuffs</Category>
    <Stats>
      <Bloodlust>0.3</Bloodlust>
    </Stats>
    <Type>LongDurationNoDW</Type>
    <ConflictingBuffs />
    <SetThreshold>0</SetThreshold>
  </Buff>
  <Buff>
    <Name>Drums of Battle</Name>
    <Category>TemporaryBuffs</Category>
    <Stats>
      <DrumsOfBattle>80</DrumsOfBattle>
    </Stats>
    <Type>LongDurationNoDW</Type>
    <ConflictingBuffs />
    <SetThreshold>0</SetThreshold>
  </Buff>
  <Buff>
    <Name>Drums of War</Name>
    <Category>TemporaryBuffs</Category>
    <Stats>
      <DrumsOfWar>60</DrumsOfWar>
    </Stats>
    <Type>LongDurationNoDW</Type>
    <ConflictingBuffs />
    <SetThreshold>0</SetThreshold>
  </Buff>
  <Buff>
    <Name>Badge of Tenacity</Name>
    <Category>TemporaryBuffs</Category>
    <Stats>
      <Agility>150</Agility>
    </Stats>
    <Type>ShortDurationDW</Type>
    <ConflictingBuffs />
    <SetThreshold>0</SetThreshold>
  </Buff>
  <Buff>
    <Name>Commendation of Kael'thas</Name>
    <Category>TemporaryBuffs</Category>
    <Stats>
      <DodgeRating>152</DodgeRating>
    </Stats>
    <Type>ShortDurationDW</Type>
    <ConflictingBuffs />
    <SetThreshold>0</SetThreshold>
  </Buff>
  <Buff>
    <Name>Shattered Sun Pendant of Resolve Proc (Aldor)</Name>
    <Category>TemporaryBuffs</Category>
    <Stats>
      <DodgeRating>100</DodgeRating>
    </Stats>
    <Type>ShortDurationDW</Type>
    <ConflictingBuffs />
    <SetThreshold>0</SetThreshold>
  </Buff>
  <Buff>
    <Name>Shattered Sun Pendant of Resolve Proc (Scryer)</Name>
    <Category>TemporaryBuffs</Category>
    <Stats>
      <ExpertiseRating>100</ExpertiseRating>
    </Stats>
    <Type>ShortDurationDW</Type>
    <ConflictingBuffs />
    <SetThreshold>0</SetThreshold>
  </Buff>
  <Buff>
    <Name>Figurine - Empyrean Tortoise</Name>
    <Category>TemporaryBuffs</Category>
    <Stats>
      <DodgeRating>165</DodgeRating>
    </Stats>
    <Type>ShortDurationDW</Type>
    <ConflictingBuffs />
    <SetThreshold>0</SetThreshold>
  </Buff>
  <Buff>
    <Name>Moroes' Lucky Pocket Watch</Name>
    <Category>TemporaryBuffs</Category>
    <Stats>
      <DodgeRating>300</DodgeRating>
    </Stats>
    <Type>ShortDurationDW</Type>
    <ConflictingBuffs />
    <SetThreshold>0</SetThreshold>
  </Buff>
  <Buff>
    <Name>Idol of Terror</Name>
    <Category>TemporaryBuffs</Category>
    <Stats>
      <Agility>65</Agility>
    </Stats>
    <Type>ShortDurationDW</Type>
    <ConflictingBuffs />
    <SetThreshold>0</SetThreshold>
  </Buff>
  <Buff>
    <Name>Ancestral Fortitude / Inspiration</Name>
    <Category>TemporaryBuffs</Category>
    <Stats>
      <BonusArmorMultiplier>0.25</BonusArmorMultiplier>
    </Stats>
    <Type>ShortDurationDW</Type>
    <ConflictingBuffs />
    <SetThreshold>0</SetThreshold>
  </Buff>
  <Buff>
    <Name>Stomp</Name>
    <Category>TemporaryBuffs</Category>
    <Stats>
      <BonusArmorMultiplier>-0.5</BonusArmorMultiplier>
    </Stats>
    <Type>ShortDurationDW</Type>
    <ConflictingBuffs />
    <SetThreshold>0</SetThreshold>
  </Buff>
  <Buff>
    <Name>Improved Lay On Hands</Name>
    <Category>TemporaryBuffs</Category>
    <Stats>
      <BonusArmorMultiplier>0.3</BonusArmorMultiplier>
    </Stats>
    <Type>ShortDurationDW</Type>
    <ConflictingBuffs />
    <SetThreshold>0</SetThreshold>
  </Buff>
  <Buff>
    <Name>Heroic Potion</Name>
    <Category>TemporaryBuffs</Category>
    <Stats>
      <Health>700</Health>
    </Stats>
    <Type>ShortDurationDW</Type>
    <ConflictingBuffs />
    <SetThreshold>0</SetThreshold>
  </Buff>
  <Buff>
    <Name>Ironshield Potion</Name>
    <Category>TemporaryBuffs</Category>
    <Stats>
      <Armor>2500</Armor>
    </Stats>
    <Type>ShortDurationDW</Type>
    <ConflictingBuffs />
    <SetThreshold>0</SetThreshold>
  </Buff>
  <Buff>
    <Name>Nightmare Seed</Name>
    <Category>TemporaryBuffs</Category>
    <Stats>
      <Health>2000</Health>
    </Stats>
    <Type>ShortDurationDW</Type>
    <ConflictingBuffs />
    <SetThreshold>0</SetThreshold>
  </Buff>
  <Buff>
    <Name>Heroic 1750 Health Trinket</Name>
    <Category>TemporaryBuffs</Category>
    <Stats>
      <Health>1750</Health>
    </Stats>
    <Type>ShortDurationDW</Type>
    <ConflictingBuffs />
    <SetThreshold>0</SetThreshold>
  </Buff>
  <Buff>
    <Name>Season 3 Resilience Relic</Name>
    <Category>TemporaryBuffs</Category>
    <Stats>
      <Resilience>31</Resilience>
    </Stats>
    <Type>ShortDurationDW</Type>
    <ConflictingBuffs />
    <SetThreshold>0</SetThreshold>
  </Buff>
  <Buff>
    <Name>Moonglade Rejuvination</Name>
    <Category>TemporaryBuffs</Category>
    <Stats>
      <DodgeRating>35</DodgeRating>
    </Stats>
    <Type>ShortDurationDW</Type>
    <ConflictingBuffs />
    <SetThreshold>0</SetThreshold>
  </Buff>
  <Buff>
    <Name>Living Root of the Wildheart</Name>
    <Category>TemporaryBuffs</Category>
    <Stats>
      <Armor>4070</Armor>
    </Stats>
    <Type>ShortDurationDW</Type>
    <ConflictingBuffs />
    <SetThreshold>0</SetThreshold>
  </Buff>
  <Buff>
    <Name>Argussian Compass</Name>
    <Category>TemporaryBuffs</Category>
    <Stats>
      <Health>1150</Health>
    </Stats>
    <Type>ShortDurationDW</Type>
    <ConflictingBuffs />
    <SetThreshold>0</SetThreshold>
  </Buff>
  <Buff>
    <Name>Dawnstone Crab</Name>
    <Category>TemporaryBuffs</Category>
    <Stats>
      <DodgeRating>125</DodgeRating>
    </Stats>
    <Type>ShortDurationDW</Type>
    <ConflictingBuffs />
    <SetThreshold>0</SetThreshold>
  </Buff>
  <Buff>
    <Name>Adamantite Figurine</Name>
    <Category>TemporaryBuffs</Category>
    <Stats>
      <Armor>1280</Armor>
    </Stats>
    <Type>ShortDurationDW</Type>
    <ConflictingBuffs />
    <SetThreshold>0</SetThreshold>
  </Buff>
  <Buff>
    <Name>Brooch of the Immortal King</Name>
    <Category>TemporaryBuffs</Category>
    <Stats>
      <Health>1250</Health>
    </Stats>
    <Type>ShortDurationDW</Type>
    <ConflictingBuffs />
    <SetThreshold>0</SetThreshold>
  </Buff>
  <Buff>
    <Name>Darkmoon Card: Vengeance</Name>
    <Category>TemporaryBuffs</Category>
    <Stats>
      <VengeanceProc>1</VengeanceProc>
    </Stats>
    <Type>ShortDurationDW</Type>
    <ConflictingBuffs />
    <SetThreshold>0</SetThreshold>
  </Buff>
  <Buff>
    <Name>Blood Frenzy</Name>
    <Category>Debuffs</Category>
    <Stats>
      <BonusPhysicalDamageMultiplier>0.04</BonusPhysicalDamageMultiplier>
    </Stats>
    <Type>LongDurationNoDW</Type>
    <ConflictingBuffs />
    <SetThreshold>0</SetThreshold>
  </Buff>
  <Buff>
    <Name>Windfury</Name>
    <Category>ClassBuffs</Category>
    <Stats>
      <WindfuryAPBonus>445</WindfuryAPBonus>
    </Stats>
    <Type>LongDurationNoDW</Type>
    <ConflictingBuffs>
      <string>Temporary Weapon Enchantment</string>
    </ConflictingBuffs>
    <SetThreshold>0</SetThreshold>
  </Buff>
  <Buff>
    <Name>Improved Windfury</Name>
    <Category>ClassBuffs</Category>
    <Stats>
      <WindfuryAPBonus>133.5</WindfuryAPBonus>
    </Stats>
    <Type>LongDurationNoDW</Type>
    <RequiredBuff>Windfury</RequiredBuff>
    <ConflictingBuffs />
    <SetThreshold>0</SetThreshold>
  </Buff>
  <Buff>
    <Name>Leader of the Pack</Name>
    <Category>ClassBuffs</Category>
    <Stats>
      <LotPCritRating>110.4</LotPCritRating>
    </Stats>
    <Type>LongDurationNoDW</Type>
    <ConflictingBuffs />
    <SetThreshold>0</SetThreshold>
  </Buff>
  <Buff>
    <Name>Mongoose Proc (Constant)</Name>
    <Category>TemporaryBuffs</Category>
    <Stats>
      <MongooseProcConstant>1</MongooseProcConstant>
    </Stats>
    <Type>LongDurationNoDW</Type>
    <ConflictingBuffs>
      <string>Mongoose</string>
    </ConflictingBuffs>
    <SetThreshold>0</SetThreshold>
  </Buff>
  <Buff>
    <Name>Mongoose Proc (Average)</Name>
    <Category>TemporaryBuffs</Category>
    <Stats>
      <MongooseProcAverage>1</MongooseProcAverage>
    </Stats>
    <Type>LongDurationNoDW</Type>
    <ConflictingBuffs>
      <string>Mongoose</string>
    </ConflictingBuffs>
    <SetThreshold>0</SetThreshold>
  </Buff>
</ArrayOfBuff>