﻿<?xml version="1.0" encoding="utf-8"?>
<ArrayOfEnchant xmlns:xsd="http://www.w3.org/2001/XMLSchema" xmlns:xsi="http://www.w3.org/2001/XMLSchema-instance">
  <Enchant>
    <Id>0</Id>
    <Name>No Enchant</Name>
    <Slot>None</Slot>
    <Stats />
  </Enchant>
  <Enchant>
    <Id>2999</Id>
    <Name>Glyph of the Defender</Name>
    <Slot>Head</Slot>
    <Stats>
      <DodgeRating>17</DodgeRating>
      <DefenseRating>16</DefenseRating>
    </Stats>
  </Enchant>
  <Enchant>
    <Id>2991</Id>
    <Name>Greater Inscription of the Knight</Name>
    <Slot>Shoulders</Slot>
    <Stats>
      <DodgeRating>10</DodgeRating>
      <DefenseRating>15</DefenseRating>
    </Stats>
  </Enchant>
  <Enchant>
    <Id>2990</Id>
    <Name>Inscription of the Knight</Name>
    <Slot>Shoulders</Slot>
    <Stats>
      <DefenseRating>13</DefenseRating>
    </Stats>
  </Enchant>
  <Enchant>
    <Id>2978</Id>
    <Name>Greater Inscription of Warding</Name>
    <Slot>Shoulders</Slot>
    <Stats>
      <DodgeRating>15</DodgeRating>
      <DefenseRating>10</DefenseRating>
    </Stats>
  </Enchant>
  <Enchant>
    <Id>2977</Id>
    <Name>Inscription of Warding</Name>
    <Slot>Shoulders</Slot>
    <Stats>
      <DodgeRating>13</DodgeRating>
    </Stats>
  </Enchant>
  <Enchant>
    <Id>368</Id>
    <Name>Greater Agility</Name>
    <Slot>Back</Slot>
    <Stats>
      <Agility>12</Agility>
    </Stats>
  </Enchant>
  <Enchant>
    <Id>2662</Id>
    <Name>Major Armor</Name>
    <Slot>Back</Slot>
    <Stats>
      <Armor>120</Armor>
    </Stats>
  </Enchant>
  <Enchant>
    <Id>2622</Id>
    <Name>Dodge</Name>
    <Slot>Back</Slot>
    <Stats>
      <DodgeRating>12</DodgeRating>
    </Stats>
  </Enchant>
  <Enchant>
    <Id>2659</Id>
    <Name>Exceptional Health</Name>
    <Slot>Chest</Slot>
    <Stats>
      <Health>150</Health>
    </Stats>
  </Enchant>
  <Enchant>
    <Id>2661</Id>
    <Name>Exceptional Stats</Name>
    <Slot>Chest</Slot>
    <Stats>
      <Agility>6</Agility>
      <Stamina>6</Stamina>
      <Strength>6</Strength>
      <Intellect>6</Intellect>
      <Spirit>6</Spirit>
    </Stats>
  </Enchant>
  <Enchant>
    <Id>2933</Id>
    <Name>Major Resilience</Name>
    <Slot>Chest</Slot>
    <Stats>
      <Resilience>15</Resilience>
    </Stats>
  </Enchant>
  <Enchant>
    <Id>1950</Id>
    <Name>Major Defense</Name>
    <Slot>Chest</Slot>
    <Stats>
      <DefenseRating>15</DefenseRating>
    </Stats>
  </Enchant>
  <Enchant>
    <Id>2649</Id>
    <Name>Fortitude</Name>
    <Slot>Wrist</Slot>
    <Stats>
      <Stamina>12</Stamina>
    </Stats>
  </Enchant>
  <Enchant>
    <Id>1886</Id>
    <Name>Superior Stamina</Name>
    <Slot>Wrist</Slot>
    <Stats>
      <Stamina>9</Stamina>
    </Stats>
  </Enchant>
  <Enchant>
    <Id>2648</Id>
    <Name>Major Defense</Name>
    <Slot>Wrist</Slot>
    <Stats>
      <DefenseRating>12</DefenseRating>
    </Stats>
  </Enchant>
  <Enchant>
    <Id>1891</Id>
    <Name>Stats</Name>
    <Slot>Wrist</Slot>
    <Stats>
      <Agility>4</Agility>
      <Stamina>4</Stamina>
      <Strength>4</Strength>
      <Intellect>4</Intellect>
      <Spirit>4</Spirit>
    </Stats>
  </Enchant>
  <Enchant>
    <Id>2564</Id>
    <Name>Superior Agility</Name>
    <Slot>Hands</Slot>
    <Stats>
      <Agility>15</Agility>
    </Stats>
  </Enchant>
  <Enchant>
    <Id>3011</Id>
    <Name>Clefthide Leg Armor</Name>
    <Slot>Legs</Slot>
    <Stats>
      <Agility>10</Agility>
      <Stamina>30</Stamina>
    </Stats>
  </Enchant>
  <Enchant>
    <Id>3013</Id>
    <Name>Nethercleft Leg Armor</Name>
    <Slot>Legs</Slot>
    <Stats>
      <Agility>12</Agility>
      <Stamina>40</Stamina>
    </Stats>
  </Enchant>
  <Enchant>
    <Id>2939</Id>
    <Name>Cat's Swiftness</Name>
    <Slot>Feet</Slot>
    <Stats>
      <Agility>6</Agility>
      <MovementSpeed>8</MovementSpeed>
    </Stats>
  </Enchant>
  <Enchant>
    <Id>2940</Id>
    <Name>Boar's Speed</Name>
    <Slot>Feet</Slot>
    <Stats>
      <Stamina>9</Stamina>
      <MovementSpeed>8</MovementSpeed>
    </Stats>
  </Enchant>
  <Enchant>
    <Id>2657</Id>
    <Name>Dexterity</Name>
    <Slot>Feet</Slot>
    <Stats>
      <Agility>12</Agility>
    </Stats>
  </Enchant>
  <Enchant>
    <Id>2649</Id>
    <Name>Fortitude</Name>
    <Slot>Feet</Slot>
    <Stats>
      <Stamina>12</Stamina>
    </Stats>
  </Enchant>
  <Enchant>
    <Id>2931</Id>
    <Name>Stats</Name>
    <Slot>Finger</Slot>
    <Stats>
      <Agility>4</Agility>
      <Stamina>4</Stamina>
      <Strength>4</Strength>
      <Intellect>4</Intellect>
      <Spirit>4</Spirit>
    </Stats>
  </Enchant>
  <Enchant>
    <Id>2670</Id>
    <Name>Major Agility</Name>
    <Slot>TwoHand</Slot>
    <Stats>
      <Agility>35</Agility>
    </Stats>
  </Enchant>
  <Enchant>
    <Id>2792</Id>
    <Name>Knothide Armor Kit</Name>
    <Slot>Chest</Slot>
    <Stats>
      <Stamina>8</Stamina>
    </Stats>
  </Enchant>
  <Enchant>
    <Id>2792</Id>
    <Name>Knothide Armor Kit</Name>
    <Slot>Legs</Slot>
    <Stats>
      <Stamina>8</Stamina>
    </Stats>
  </Enchant>
  <Enchant>
    <Id>2792</Id>
    <Name>Knothide Armor Kit</Name>
    <Slot>Hands</Slot>
    <Stats>
      <Stamina>8</Stamina>
    </Stats>
  </Enchant>
  <Enchant>
    <Id>2792</Id>
    <Name>Knothide Armor Kit</Name>
    <Slot>Feet</Slot>
    <Stats>
      <Stamina>8</Stamina>
    </Stats>
  </Enchant>
  <Enchant>
    <Id>2793</Id>
    <Name>Vindicator's Armor Kit</Name>
    <Slot>Chest</Slot>
    <Stats>
      <DefenseRating>8</DefenseRating>
    </Stats>
  </Enchant>
  <Enchant>
    <Id>2793</Id>
    <Name>Vindicator's Armor Kit</Name>
    <Slot>Hands</Slot>
    <Stats>
      <DefenseRating>8</DefenseRating>
    </Stats>
  </Enchant>
  <Enchant>
    <Id>2793</Id>
    <Name>Vindicator's Armor Kit</Name>
    <Slot>Legs</Slot>
    <Stats>
      <DefenseRating>8</DefenseRating>
    </Stats>
  </Enchant>
  <Enchant>
    <Id>2793</Id>
    <Name>Vindicator's Armor Kit</Name>
    <Slot>Feet</Slot>
    <Stats>
      <DefenseRating>8</DefenseRating>
    </Stats>
  </Enchant>
  <Enchant>
    <Id>2841</Id>
    <Name>Heavy Knothide Armor Kit</Name>
    <Slot>Head</Slot>
    <Stats>
      <Stamina>10</Stamina>
    </Stats>
  </Enchant>
  <Enchant>
    <Id>2841</Id>
    <Name>Heavy Knothide Armor Kit</Name>
    <Slot>Chest</Slot>
    <Stats>
      <Stamina>10</Stamina>
    </Stats>
  </Enchant>
  <Enchant>
    <Id>2841</Id>
    <Name>Heavy Knothide Armor Kit</Name>
    <Slot>Shoulders</Slot>
    <Stats>
      <Stamina>10</Stamina>
    </Stats>
  </Enchant>
  <Enchant>
    <Id>2841</Id>
    <Name>Heavy Knothide Armor Kit</Name>
    <Slot>Legs</Slot>
    <Stats>
      <Stamina>10</Stamina>
    </Stats>
  </Enchant>
  <Enchant>
    <Id>2841</Id>
    <Name>Heavy Knothide Armor Kit</Name>
    <Slot>Hands</Slot>
    <Stats>
      <Stamina>10</Stamina>
    </Stats>
  </Enchant>
  <Enchant>
    <Id>2841</Id>
    <Name>Heavy Knothide Armor Kit</Name>
    <Slot>Feet</Slot>
    <Stats>
      <Stamina>10</Stamina>
    </Stats>
  </Enchant>
  <Enchant>
    <Id>3260</Id>
    <Name>Glove Reinforcements</Name>
    <Slot>Hands</Slot>
    <Stats>
      <Armor>240</Armor>
    </Stats>
  </Enchant>
  <Enchant>
    <Id>1441</Id>
    <Name>Greater Shadow Resistance</Name>
    <Slot>Back</Slot>
    <Stats>
      <ShadowResistance>15</ShadowResistance>
    </Stats>
  </Enchant>
  <Enchant>
    <Id>2543</Id>
    <Name>Arcanum of Rapidity</Name>
    <Slot>Head</Slot>
    <Stats>
      <HasteRating>10</HasteRating>
    </Stats>
  </Enchant>
  <Enchant>
    <Id>3003</Id>
    <Name>Glyph of Ferocity</Name>
    <Slot>Head</Slot>
    <Stats>
      <AttackPower>34</AttackPower>
      <HitRating>16</HitRating>
    </Stats>
  </Enchant>
  <Enchant>
    <Id>3096</Id>
    <Name>Glyph of the Outcast</Name>
    <Slot>Head</Slot>
    <Stats>
      <Strength>17</Strength>
    </Stats>
  </Enchant>
  <Enchant>
    <Id>2716</Id>
    <Name>Fortitude of the Scourge</Name>
    <Slot>Shoulders</Slot>
    <Stats>
      <Armor>100</Armor>
      <Stamina>16</Stamina>
    </Stats>
  </Enchant>
  <Enchant>
    <Id>2717</Id>
    <Name>Might of the Scourge</Name>
    <Slot>Shoulders</Slot>
    <Stats>
      <AttackPower>26</AttackPower>
      <CritRating>14</CritRating>
    </Stats>
  </Enchant>
  <Enchant>
    <Id>2583</Id>
    <Name>Presence of Might</Name>
    <Slot>Head</Slot>
    <Stats>
      <Stamina>10</Stamina>
      <BlockValue>15</BlockValue>
      <DefenseRating>10</DefenseRating>
    </Stats>
  </Enchant>
  <Enchant>
    <Id>2583</Id>
    <Name>Presence of Might</Name>
    <Slot>Legs</Slot>
    <Stats>
      <Stamina>10</Stamina>
      <BlockValue>15</BlockValue>
      <DefenseRating>10</DefenseRating>
    </Stats>
  </Enchant>
  <Enchant>
    <Id>2997</Id>
    <Name>Greater Inscription of the Blade</Name>
    <Slot>Shoulders</Slot>
    <Stats>
      <AttackPower>20</AttackPower>
      <CritRating>15</CritRating>
    </Stats>
  </Enchant>
  <Enchant>
    <Id>2986</Id>
    <Name>Greater Inscription of Vengeance</Name>
    <Slot>Shoulders</Slot>
    <Stats>
      <AttackPower>30</AttackPower>
      <CritRating>10</CritRating>
    </Stats>
  </Enchant>
  <Enchant>
    <Id>2996</Id>
    <Name>Inscription of the Blade</Name>
    <Slot>Shoulders</Slot>
    <Stats>
      <CritRating>13</CritRating>
    </Stats>
  </Enchant>
  <Enchant>
    <Id>2983</Id>
    <Name>Inscription of Vengeance</Name>
    <Slot>Shoulders</Slot>
    <Stats>
      <AttackPower>26</AttackPower>
    </Stats>
  </Enchant>
  <Enchant>
    <Id>2606</Id>
    <Name>Zandalar Signet of Might</Name>
    <Slot>Shoulders</Slot>
    <Stats>
      <AttackPower>30</AttackPower>
    </Stats>
  </Enchant>
  <Enchant>
    <Id>2647</Id>
    <Name>Brawn</Name>
    <Slot>Wrist</Slot>
    <Stats>
      <Strength>12</Strength>
    </Stats>
  </Enchant>
  <Enchant>
    <Id>684</Id>
    <Name>Major Strength</Name>
    <Slot>Hands</Slot>
    <Stats>
      <Strength>15</Strength>
    </Stats>
  </Enchant>
  <Enchant>
    <Id>931</Id>
    <Name>Minor Haste</Name>
    <Slot>Hands</Slot>
    <Stats>
      <HasteRating>10</HasteRating>
    </Stats>
  </Enchant>
  <Enchant>
    <Id>3012</Id>
    <Name>Nethercobra Leg Armor</Name>
    <Slot>Legs</Slot>
    <Stats>
      <AttackPower>50</AttackPower>
      <CritRating>12</CritRating>
    </Stats>
  </Enchant>
  <Enchant>
    <Id>3010</Id>
    <Name>Cobrahide Leg Armor</Name>
    <Slot>Legs</Slot>
    <Stats>
      <AttackPower>40</AttackPower>
      <CritRating>10</CritRating>
    </Stats>
  </Enchant>
  <Enchant>
    <Id>2658</Id>
    <Name>Surefooted</Name>
    <Slot>Feet</Slot>
    <Stats>
      <HitRating>10</HitRating>
    </Stats>
  </Enchant>
  <Enchant>
    <Id>2929</Id>
    <Name>Striking</Name>
    <Slot>Finger</Slot>
    <Stats>
      <WeaponDamage>2</WeaponDamage>
    </Stats>
  </Enchant>
  <Enchant>
    <Id>2667</Id>
    <Name>Savagery</Name>
    <Slot>TwoHand</Slot>
    <Stats>
      <AttackPower>70</AttackPower>
    </Stats>
  </Enchant>
  <Enchant>
    <Id>1593</Id>
    <Name>Assault</Name>
    <Slot>Wrist</Slot>
    <Stats>
      <AttackPower>24</AttackPower>
    </Stats>
  </Enchant>
  <Enchant>
    <Id>1594</Id>
    <Name>Assault</Name>
    <Slot>Hands</Slot>
    <Stats>
      <AttackPower>26</AttackPower>
    </Stats>
  </Enchant>
  <Enchant>
    <Id>3222</Id>
    <Name>Greater Agility</Name>
    <Slot>OneHand</Slot>
    <Stats>
      <Agility>20</Agility>
    </Stats>
  </Enchant>
  <Enchant>
    <Id>2722</Id>
    <Name>Adamantite Scope</Name>
    <Slot>Ranged</Slot>
    <Stats>
      <ScopeDamage>10</ScopeDamage>
    </Stats>
  </Enchant>
  <Enchant>
    <Id>2723</Id>
    <Name>Khorium Scope</Name>
    <Slot>Ranged</Slot>
    <Stats>
      <ScopeDamage>12</ScopeDamage>
    </Stats>
  </Enchant>
  <Enchant>
    <Id>2724</Id>
    <Name>Stabilized Eternium Scope</Name>
    <Slot>Ranged</Slot>
    <Stats>
      <CritRating>28</CritRating>
    </Stats>
  </Enchant>
  <Enchant>
    <Id>2621</Id>
    <Name>Subtlety</Name>
    <Slot>Back</Slot>
    <Stats>
      <ThreatReductionMultiplier>0.02</ThreatReductionMultiplier>
    </Stats>
  </Enchant>
  <Enchant>
    <Id>2613</Id>
    <Name>Threat</Name>
    <Slot>Hands</Slot>
    <Stats>
      <ThreatIncreaseMultiplier>0.02</ThreatIncreaseMultiplier>
    </Stats>
  </Enchant>
  <Enchant>
    <Id>2650</Id>
    <Name>Spellpower</Name>
    <Slot>Wrist</Slot>
    <Stats>
      <SpellDamageRating>15</SpellDamageRating>
    </Stats>
  </Enchant>
  <Enchant>
    <Id>2937</Id>
    <Name>Major Spellpower</Name>
    <Slot>Hands</Slot>
    <Stats>
      <SpellDamageRating>20</SpellDamageRating>
    </Stats>
  </Enchant>
  <Enchant>
    <Id>2935</Id>
    <Name>Spell Strike</Name>
    <Slot>Hands</Slot>
    <Stats>
      <SpellHitRating>15</SpellHitRating>
    </Stats>
  </Enchant>
  <Enchant>
    <Id>2928</Id>
    <Name>Spellpower</Name>
    <Slot>Finger</Slot>
    <Stats>
      <SpellDamageRating>12</SpellDamageRating>
    </Stats>
  </Enchant>
  <Enchant>
    <Id>2669</Id>
    <Name>Major Spellpower</Name>
    <Slot>OneHand</Slot>
    <Stats>
      <SpellDamageRating>40</SpellDamageRating>
    </Stats>
  </Enchant>
  <Enchant>
    <Id>2666</Id>
    <Name>Major Intellect</Name>
    <Slot>OneHand</Slot>
    <Stats>
      <Intellect>30</Intellect>
    </Stats>
  </Enchant>
  <Enchant>
    <Id>2679</Id>
    <Name>Restore Mana Prime</Name>
    <Slot>Wrist</Slot>
    <Stats>
      <Mp5>6</Mp5>
    </Stats>
  </Enchant>
  <Enchant>
    <Id>2748</Id>
    <Name>Runic Spellthread</Name>
    <Slot>Legs</Slot>
    <Stats>
      <Stamina>20</Stamina>
      <SpellDamageRating>35</SpellDamageRating>
    </Stats>
  </Enchant>
  <Enchant>
    <Id>2747</Id>
    <Name>Mystic Spellthread</Name>
    <Slot>Legs</Slot>
    <Stats>
      <Stamina>15</Stamina>
      <SpellDamageRating>25</SpellDamageRating>
    </Stats>
  </Enchant>
  <Enchant>
    <Id>2982</Id>
    <Name>Greater Inscription of Discipline</Name>
    <Slot>Shoulders</Slot>
    <Stats>
      <SpellCritRating>10</SpellCritRating>
      <SpellDamageRating>18</SpellDamageRating>
    </Stats>
  </Enchant>
  <Enchant>
    <Id>2995</Id>
    <Name>Greater Inscription of the Orb</Name>
    <Slot>Shoulders</Slot>
    <Stats>
      <SpellCritRating>15</SpellCritRating>
      <SpellDamageRating>12</SpellDamageRating>
    </Stats>
  </Enchant>
  <Enchant>
    <Id>2981</Id>
    <Name>Inscription of Discipline</Name>
    <Slot>Shoulders</Slot>
    <Stats>
      <SpellDamageRating>15</SpellDamageRating>
    </Stats>
  </Enchant>
  <Enchant>
    <Id>2994</Id>
    <Name>Inscription of the Orb</Name>
    <Slot>Shoulders</Slot>
    <Stats>
      <SpellCritRating>13</SpellCritRating>
    </Stats>
  </Enchant>
  <Enchant>
    <Id>3002</Id>
    <Name>Glyph of Power</Name>
    <Slot>Head</Slot>
    <Stats>
      <SpellDamageRating>22</SpellDamageRating>
      <SpellHitRating>14</SpellHitRating>
    </Stats>
  </Enchant>
  <Enchant>
    <Id>2671</Id>
    <Name>Sunfire</Name>
    <Slot>OneHand</Slot>
    <Stats>
      <SpellFireDamageRating>50</SpellFireDamageRating>
      <SpellArcaneDamageRating>50</SpellArcaneDamageRating>
    </Stats>
  </Enchant>
  <Enchant>
    <Id>2672</Id>
    <Name>Soulfrost</Name>
    <Slot>OneHand</Slot>
    <Stats>
      <SpellShadowDamageRating>54</SpellShadowDamageRating>
      <SpellFrostDamageRating>54</SpellFrostDamageRating>
    </Stats>
  </Enchant>
  <Enchant>
    <Id>2938</Id>
    <Name>Spell Penetration</Name>
    <Slot>Back</Slot>
    <Stats>
      <SpellPenetration>20</SpellPenetration>
    </Stats>
  </Enchant>
  <Enchant>
    <Id>2656</Id>
    <Name>Vitality</Name>
    <Slot>Feet</Slot>
    <Stats>
      <Mp5>4</Mp5>
      <Hp5>4</Hp5>
    </Stats>
  </Enchant>
  <Enchant>
    <Id>369</Id>
    <Name>Major Intellect</Name>
    <Slot>Wrist</Slot>
    <Stats>
      <Intellect>12</Intellect>
    </Stats>
  </Enchant>
  <Enchant>
    <Id>1144</Id>
    <Name>Major Spirit</Name>
    <Slot>Chest</Slot>
    <Stats>
      <Spirit>15</Spirit>
    </Stats>
  </Enchant>
  <Enchant>
    <Id>851</Id>
    <Name>Spirit</Name>
    <Slot>Feet</Slot>
    <Stats>
      <Spirit>5</Spirit>
    </Stats>
  </Enchant>
  <Enchant>
    <Id>3001</Id>
    <Name>Glyph of Renewal</Name>
    <Slot>Head</Slot>
    <Stats>
      <SpellDamageRating>12</SpellDamageRating>
      <Healing>35</Healing>
      <Mp5>7</Mp5>
    </Stats>
  </Enchant>
  <Enchant>
    <Id>3150</Id>
    <Name>Restore Mana Prime</Name>
    <Slot>Chest</Slot>
    <Stats>
      <Mp5>6</Mp5>
    </Stats>
  </Enchant>
  <Enchant>
    <Id>2980</Id>
    <Name>Greater Inscription of Faith</Name>
    <Slot>Shoulders</Slot>
    <Stats>
      <SpellDamageRating>11</SpellDamageRating>
      <Healing>33</Healing>
      <Mp5>4</Mp5>
    </Stats>
  </Enchant>
  <Enchant>
    <Id>2993</Id>
    <Name>Greater Inscription of the Oracle</Name>
    <Slot>Shoulders</Slot>
    <Stats>
      <SpellDamageRating>8</SpellDamageRating>
      <Healing>22</Healing>
      <Mp5>6</Mp5>
    </Stats>
  </Enchant>
  <Enchant>
    <Id>2979</Id>
    <Name>Inscription of Faith</Name>
    <Slot>Shoulders</Slot>
    <Stats>
      <SpellDamageRating>10</SpellDamageRating>
      <Healing>29</Healing>
    </Stats>
  </Enchant>
  <Enchant>
    <Id>2992</Id>
    <Name>Inscription of the Oracle</Name>
    <Slot>Shoulders</Slot>
    <Stats>
      <Mp5>5</Mp5>
    </Stats>
  </Enchant>
  <Enchant>
    <Id>2715</Id>
    <Name>Resilience of the Scourge</Name>
    <Slot>Shoulders</Slot>
    <Stats>
      <SpellDamageRating>11</SpellDamageRating>
      <Healing>31</Healing>
      <Mp5>5</Mp5>
    </Stats>
  </Enchant>
  <Enchant>
    <Id>2604</Id>
    <Name>Zandalar Signet of Serenity</Name>
    <Slot>Shoulders</Slot>
    <Stats>
      <Healing>33</Healing>
    </Stats>
  </Enchant>
  <Enchant>
    <Id>2322</Id>
    <Name>Major Healing</Name>
    <Slot>Hands</Slot>
    <Stats>
      <SpellDamageRating>12</SpellDamageRating>
      <Healing>35</Healing>
    </Stats>
  </Enchant>
  <Enchant>
    <Id>2934</Id>
    <Name>Blasting</Name>
    <Slot>Hands</Slot>
    <Stats>
      <SpellCritRating>10</SpellCritRating>
    </Stats>
  </Enchant>
  <Enchant>
    <Id>2746</Id>
    <Name>Golden Spellthread</Name>
    <Slot>Legs</Slot>
    <Stats>
      <Stamina>20</Stamina>
      <SpellDamageRating>22</SpellDamageRating>
      <Healing>66</Healing>
    </Stats>
  </Enchant>
  <Enchant>
    <Id>2745</Id>
    <Name>Silver Spellthread</Name>
    <Slot>Legs</Slot>
    <Stats>
      <Stamina>15</Stamina>
      <SpellDamageRating>16</SpellDamageRating>
      <Healing>46</Healing>
    </Stats>
  </Enchant>
  <Enchant>
    <Id>2794</Id>
    <Name>Magister's Armor Kit</Name>
    <Slot>Chest</Slot>
    <Stats>
      <Mp5>3</Mp5>
    </Stats>
  </Enchant>
  <Enchant>
    <Id>2794</Id>
    <Name>Magister's Armor Kit</Name>
    <Slot>Feet</Slot>
    <Stats>
      <Mp5>3</Mp5>
    </Stats>
  </Enchant>
  <Enchant>
    <Id>2794</Id>
    <Name>Magister's Armor Kit</Name>
    <Slot>Legs</Slot>
    <Stats>
      <Mp5>3</Mp5>
    </Stats>
  </Enchant>
  <Enchant>
    <Id>2794</Id>
    <Name>Magister's Armor Kit</Name>
    <Slot>Hands</Slot>
    <Stats>
      <Mp5>3</Mp5>
    </Stats>
  </Enchant>
  <Enchant>
    <Id>2930</Id>
    <Name>Healing Power</Name>
    <Slot>Finger</Slot>
    <Stats>
      <SpellDamageRating>7</SpellDamageRating>
      <Healing>20</Healing>
    </Stats>
  </Enchant>
  <Enchant>
    <Id>2343</Id>
    <Name>Major Healing</Name>
    <Slot>OneHand</Slot>
    <Stats>
      <SpellDamageRating>27</SpellDamageRating>
      <Healing>81</Healing>
    </Stats>
  </Enchant>
  <Enchant>
    <Id>2654</Id>
    <Name>Intellect</Name>
    <Slot>OffHand</Slot>
    <Stats>
      <Intellect>12</Intellect>
    </Stats>
  </Enchant>
  <Enchant>
    <Id>2617</Id>
    <Name>Superior Healing</Name>
    <Slot>Wrist</Slot>
    <Stats>
      <SpellDamageRating>10</SpellDamageRating>
      <Healing>30</Healing>
    </Stats>
  </Enchant>
  <Enchant>
    <Id>2648</Id>
    <Name>Steelweave</Name>
    <Slot>Back</Slot>
    <Stats>
      <DefenseRating>12</DefenseRating>
    </Stats>
  </Enchant>
  <Enchant>
    <Id>3004</Id>
    <Name>Glyph of the Gladiator</Name>
    <Slot>Head</Slot>
    <Stats>
      <Stamina>18</Stamina>
      <Resilience>20</Resilience>
    </Stats>
  </Enchant>
  <Enchant>
    <Id>2673</Id>
    <Name>Mongoose</Name>
    <Slot>OneHand</Slot>
    <Stats>
      <MongooseProc>1</MongooseProc>
    </Stats>
  </Enchant>
  <Enchant>
    <Id>3225</Id>
    <Name>Executioner</Name>
    <Slot>OneHand</Slot>
    <Stats>
      <ExecutionerProc>1</ExecutionerProc>
    </Stats>
  </Enchant>
  <Enchant>
    <Id>2984</Id>
    <Name>Shadow Armor Kit</Name>
    <Slot>Hands</Slot>
    <Stats>
      <ShadowResistance>8</ShadowResistance>
    </Stats>
  </Enchant>
  <Enchant>
    <Id>2984</Id>
    <Name>Shadow Armor Kit</Name>
    <Slot>Feet</Slot>
    <Stats>
      <ShadowResistance>8</ShadowResistance>
    </Stats>
  </Enchant>
  <Enchant>
    <Id>2984</Id>
    <Name>Shadow Armor Kit</Name>
    <Slot>Chest</Slot>
    <Stats>
      <ShadowResistance>8</ShadowResistance>
    </Stats>
  </Enchant>
  <Enchant>
    <Id>2984</Id>
    <Name>Shadow Armor Kit</Name>
    <Slot>Legs</Slot>
    <Stats>
      <ShadowResistance>8</ShadowResistance>
    </Stats>
  </Enchant>
  <Enchant>
    <Id>2985</Id>
    <Name>Flame Armor Kit</Name>
    <Slot>Hands</Slot>
    <Stats>
      <FireResistance>8</FireResistance>
    </Stats>
  </Enchant>
  <Enchant>
    <Id>2985</Id>
    <Name>Flame Armor Kit</Name>
    <Slot>Feet</Slot>
    <Stats>
      <FireResistance>8</FireResistance>
    </Stats>
  </Enchant>
  <Enchant>
    <Id>2985</Id>
    <Name>Flame Armor Kit</Name>
    <Slot>Chest</Slot>
    <Stats>
      <FireResistance>8</FireResistance>
    </Stats>
  </Enchant>
  <Enchant>
    <Id>2985</Id>
    <Name>Flame Armor Kit</Name>
    <Slot>Legs</Slot>
    <Stats>
      <FireResistance>8</FireResistance>
    </Stats>
  </Enchant>
  <Enchant>
    <Id>2987</Id>
    <Name>Frost Armor Kit</Name>
    <Slot>Hands</Slot>
    <Stats>
      <FrostResistance>8</FrostResistance>
    </Stats>
  </Enchant>
  <Enchant>
    <Id>2987</Id>
    <Name>Frost Armor Kit</Name>
    <Slot>Feet</Slot>
    <Stats>
      <FrostResistance>8</FrostResistance>
    </Stats>
  </Enchant>
  <Enchant>
    <Id>2987</Id>
    <Name>Frost Armor Kit</Name>
    <Slot>Chest</Slot>
    <Stats>
      <FrostResistance>8</FrostResistance>
    </Stats>
  </Enchant>
  <Enchant>
    <Id>2987</Id>
    <Name>Frost Armor Kit</Name>
    <Slot>Legs</Slot>
    <Stats>
      <FrostResistance>8</FrostResistance>
    </Stats>
  </Enchant>
  <Enchant>
    <Id>2988</Id>
    <Name>Nature Armor Kit</Name>
    <Slot>Hands</Slot>
    <Stats>
      <NatureResistance>8</NatureResistance>
    </Stats>
  </Enchant>
  <Enchant>
    <Id>2988</Id>
    <Name>Nature Armor Kit</Name>
    <Slot>Feet</Slot>
    <Stats>
      <NatureResistance>8</NatureResistance>
    </Stats>
  </Enchant>
  <Enchant>
    <Id>2988</Id>
    <Name>Nature Armor Kit</Name>
    <Slot>Chest</Slot>
    <Stats>
      <NatureResistance>8</NatureResistance>
    </Stats>
  </Enchant>
  <Enchant>
    <Id>2988</Id>
    <Name>Nature Armor Kit</Name>
    <Slot>Legs</Slot>
    <Stats>
      <NatureResistance>8</NatureResistance>
    </Stats>
  </Enchant>
  <Enchant>
    <Id>2989</Id>
    <Name>Arcane Armor Kit</Name>
    <Slot>Hands</Slot>
    <Stats>
      <ArcaneResistance>8</ArcaneResistance>
    </Stats>
  </Enchant>
  <Enchant>
    <Id>2989</Id>
    <Name>Arcane Armor Kit</Name>
    <Slot>Feet</Slot>
    <Stats>
      <ArcaneResistance>8</ArcaneResistance>
    </Stats>
  </Enchant>
  <Enchant>
    <Id>2989</Id>
    <Name>Arcane Armor Kit</Name>
    <Slot>Chest</Slot>
    <Stats>
      <ArcaneResistance>8</ArcaneResistance>
    </Stats>
  </Enchant>
  <Enchant>
    <Id>2989</Id>
    <Name>Arcane Armor Kit</Name>
    <Slot>Legs</Slot>
    <Stats>
      <ArcaneResistance>8</ArcaneResistance>
    </Stats>
  </Enchant>
  <Enchant>
    <Id>3005</Id>
    <Name>Glyph of Nature Warding</Name>
    <Slot>Head</Slot>
    <Stats>
      <NatureResistance>20</NatureResistance>
    </Stats>
  </Enchant>
  <Enchant>
    <Id>3006</Id>
    <Name>Glyph of Arcane Warding</Name>
    <Slot>Head</Slot>
    <Stats>
      <ArcaneResistance>20</ArcaneResistance>
    </Stats>
  </Enchant>
  <Enchant>
    <Id>3007</Id>
    <Name>Glyph of Fire Warding</Name>
    <Slot>Head</Slot>
    <Stats>
      <FireResistance>20</FireResistance>
    </Stats>
  </Enchant>
  <Enchant>
    <Id>3008</Id>
    <Name>Glyph of Frost Warding</Name>
    <Slot>Head</Slot>
    <Stats>
      <FrostResistance>20</FrostResistance>
    </Stats>
  </Enchant>
  <Enchant>
    <Id>3009</Id>
    <Name>Glyph of Shadow Warding</Name>
    <Slot>Head</Slot>
    <Stats>
      <ShadowResistance>20</ShadowResistance>
    </Stats>
  </Enchant>
  <Enchant>
    <Id>2998</Id>
    <Name>Inscription of Endurance</Name>
    <Slot>Shoulders</Slot>
    <Stats>
      <FrostResistance>4</FrostResistance>
      <NatureResistance>4</NatureResistance>
      <FireResistance>4</FireResistance>
      <ShadowResistance>4</ShadowResistance>
      <ArcaneResistance>4</ArcaneResistance>
    </Stats>
  </Enchant>
  <Enchant>
    <Id>2664</Id>
    <Name>Major Resistance</Name>
    <Slot>Back</Slot>
    <Stats>
      <FrostResistance>7</FrostResistance>
      <NatureResistance>7</NatureResistance>
      <FireResistance>7</FireResistance>
      <ShadowResistance>7</ShadowResistance>
      <ArcaneResistance>7</ArcaneResistance>
    </Stats>
  </Enchant>
  <Enchant>
    <Id>2619</Id>
    <Name>Greater Fire Resistance</Name>
    <Slot>Back</Slot>
    <Stats>
      <FireResistance>15</FireResistance>
    </Stats>
  </Enchant>
  <Enchant>
    <Id>1505</Id>
    <Name>Lesser Arcanum of Resilience</Name>
    <Slot>Head</Slot>
    <Stats>
      <FireResistance>20</FireResistance>
    </Stats>
  </Enchant>
  <Enchant>
    <Id>1505</Id>
    <Name>Lesser Arcanum of Resilience</Name>
    <Slot>Legs</Slot>
    <Stats>
      <FireResistance>20</FireResistance>
    </Stats>
  </Enchant>
  <Enchant>
    <Id>1071</Id>
    <Name>Major Stamina</Name>
    <Slot>OffHand</Slot>
    <Stats>
      <Stamina>18</Stamina>
    </Stats>
  </Enchant>
  <Enchant>
    <Id>2655</Id>
    <Name>Shield Block</Name>
    <Slot>OffHand</Slot>
    <Stats>
      <BlockRating>15</BlockRating>
    </Stats>
  </Enchant>
  <Enchant>
    <Id>2653</Id>
    <Name>Tough Shield</Name>
    <Slot>OffHand</Slot>
    <Stats>
      <BlockValue>18</BlockValue>
    </Stats>
  </Enchant>
  <Enchant>
    <Id>2523</Id>
    <Name>Biznicks 247x128 Accurascope</Name>
    <Slot>Ranged</Slot>
    <Stats>
      <HitRating>30</HitRating>
    </Stats>
  </Enchant>
  <Enchant>
    <Id>2721</Id>
    <Name>Power of the Scourge</Name>
    <Slot>Shoulders</Slot>
    <Stats>
      <SpellCritRating>14</SpellCritRating>
      <SpellDamageRating>15</SpellDamageRating>
    </Stats>
  </Enchant>
</ArrayOfEnchant>