<Ui xmlns="http://www.blizzard.com/wow/ui/" xmlns:xsi="http://www.w3.org/2001/XMLSchema-instance" xsi:schemaLocation="http://www.blizzard.com/wow/ui/
..\FrameXML\UI.xsd">
	<Script file="beqltitan.lua"/>
	<Frame parent="UIParent">
		<Frames>
			<Button name="TitanPanelbeqlButton" inherits="TitanPanelComboTemplate" frameStrata="FULLSCREEN" toplevel="true">
				<Scripts>
					<OnLoad>
						if IsAddOnLoaded("Titan") then
							TitanPanelbeqlButton_OnLoad()
							TitanPanelButton_OnLoad()
						end
					</OnLoad>
					<OnClick>
						if IsAddOnLoaded("Titan") then
							TitanPanelbeqlButton_OnClick(arg1)
						end
					</OnClick>					
				</Scripts>
			</Button>
		</Frames>
	</Frame>		
</Ui>