<Ui xmlns="http://www.blizzard.com/wow/ui/">
	<Script file="nameplates.lua"/>
	<Script file="StyleFilter.lua"/>
	<Script file="elements\auras.lua"/>
	<Script file="elements\castBar.lua"/>
	<Script file="elements\comboPoints.lua"/>
	<Script file="elements\glow.lua"/>
	<Script file="elements\healthBar.lua"/>
	<Script file="elements\cutawayHealth.lua"/>
	<Script file="elements\level.lua"/>
	<Script file="elements\name.lua"/>
	<Script file="elements\raidIcon.lua"/>
	<Script file="elements\healerIcon.lua"/>
	<Script file="elements\elite.lua"/>
	<Script file="elements\highlight.lua"/>
</Ui>