<Ui xmlns="http://www.blizzard.com/wow/ui/" 
                   xmlns:xsi="http://www.w3.org/2001/XMLSchema-instance" 
                   xsi:schemaLocation="http://www.blizzard.com/wow/ui/ 
                   ..\..\FrameXML\UI.xsd">
	<Script File="RobinRoles.lua"/>

	<GameTooltip name="RobinItemInfoTooltip" inherits="GameTooltipTemplate" parent="UIParent" hidden="true">
		<Layers>
			<Layer level="ARTWORK">
				<FontString name="$parentTextLeft1" inherits="GameTooltipHeaderText" hidden="true"/>
				<FontString name="$parentTextRight1" inherits="GameTooltipHeaderText" hidden="true"/>
			</Layer>
		</Layers>
	</GameTooltip>

	<Frame name="RobinRolesFrame" parent="UIParent" frameStrata="LOW" toplevel="true" inherits="SecureFrameTemplate">>
		<Scripts>
			<OnLoad>
				RobinRoles_OnLoad(this);
			</OnLoad>
			<OnUpdate>
				RobinRoles_OnUpdate(this,arg1);
			</OnUpdate>
		</Scripts>
	</Frame>
</Ui>