<Ui xmlns="http://www.blizzard.com/wow/ui/">
	<Script file="oUF_AuraBars\oUF_AuraBars.lua"/>
	<Script file="oUF_AuraWatch\oUF_AuraWatch.lua"/>
	<Script file="oUF_RaidDebuffs\oUF_RaidDebuffs.lua"/>
	<Include file="oUF_DruidMana\oUF_DruidMana.xml"/>
	<Script file="oUF_DebuffHighlight\oUF_DebuffHighlight.lua"/>
	<Script file="oUF_Smooth\oUF_Smooth.lua"/>
	<Script file="oUF_CombatFader\oUF_CombatFader.lua"/>
	<Include file="oUF_HealComm3\oUF_HealComm3.xml"/>
	<Include file="oUF_ResComm\oUF_ResComm.xml"/>
	<Script file="oUF_GPS\oUF_GPS.lua"/>
</Ui>