<Ui xmlns="http://www.blizzard.com/wow/ui/" xmlns:xsi="http://www.w3.org/2001/XMLSchema-instance" xsi:schemaLocation="http://www.blizzard.com/wow/ui/ ..\FrameXML\UI.xsd">
	<Frame name="Tankadin_Info_Frame" toplevel="true" frameStrata="MEDIUM" enableMouse="true" movable="false" parent="Tankadin_Frame">
		<Size>
			<AbsDimension x="140" y="120"/>
		</Size>
		<Anchors>
			<Anchor point="TOPRIGHT" RelativePoint="BOTTOMRIGHT"/>
		</Anchors>
		<Backdrop edgeFile="Interface\Tooltips\UI-Tooltip-Border" bgFile="Interface\Tooltips\UI-Tooltip-Background">
			<BackgroundInsets>
				<AbsInset left="4" right="4" top="4" bottom="4"/>
			</BackgroundInsets>
			<EdgeSize>
				<AbsValue val="16"/>
			</EdgeSize>
			<Color r="0" g="0" b="0" a="0.4"/>
			<BorderColor r="1" g="0.8" b="0" a="0.8"/>
		</Backdrop>
		<Layers>
			<Layer level="OVERLAY">
				<FontString name="$parent_Name_Text" inherits="GameFontNormal" text="Names:">
					<Anchors>
						<Anchor point="TOPLEFT"/>
					</Anchors>
				</FontString>
			</Layer>
			<Layer level="OVERLAY">
				<FontString name="$parent_Text" inherits="GameFontNormal" text="DATA_ERROR">
					<Anchors>
						<Anchor point="TOPRIGHT"/>
					</Anchors>
				</FontString>
			</Layer>
		</Layers>
		<Scripts>
			<OnLoad>
				Tankadin_Info_Frame_Name_Text:SetFont("Interface\\Addons\\Tankadin\\Fonts\\Tw_Cen_MT.TTF", 13);
				Tankadin_Info_Frame_Text:SetFont("Interface\\Addons\\Tankadin\\Fonts\\Tw_Cen_MT.TTF", 13);
				local namingStructure = "";
				namingStructure = namingStructure..TANKADIN_MISS..": \n";
				namingStructure = namingStructure..TANKADIN_DODGE..": \n";
				namingStructure = namingStructure..TANKADIN_PARRY..": \n";
				namingStructure = namingStructure..TANKADIN_TOTAL..": \n";
				namingStructure = namingStructure..TANKADIN_BLOCK..": \n";
				namingStructure = namingStructure..TANKADIN_CRUSHING..": \n";
				namingStructure = namingStructure..TANKADIN_BVALUE..": \n";
				namingStructure = namingStructure..TANKADIN_HSD..": \n";
				Tankadin_Info_Frame_Name_Text:SetText(namingStructure);
			</OnLoad>
			<OnHide>
				if ( self.isMoving ) then
					self:StopMovingOrSizing();
					self.isMoving = false;
				end
			</OnHide>
			<OnMouseDown>
				if ( button == "LeftButton" and not Tankadin_Options.lock and this:IsMovable()) then
					self:StartMoving();
					self.isMoving = true;
				end
			</OnMouseDown>
			<OnMouseUp>
				if ( self.isMoving ) then
					self:StopMovingOrSizing();
					self.isMoving = false;
				end
				if ( this:IsMovable() ) then 
					point, relativeTo, relativePoint, xOfs, yOfs = Tankadin_Info_Frame:GetPoint();
					Tankadin_Options.Tankadin_Info_Frame.coords = {point,relativePoint,xOfs,yOfs};
				end
			</OnMouseUp>
			<OnEnter>
				Tankadin_Info_OnEnter(self);
			</OnEnter>
			<OnLeave>
				GameTooltip:Hide();
			</OnLeave>
		</Scripts>
	</Frame>
</Ui>