<Ui xmlns="http://www.blizzard.com/wow/ui/" xmlns:xsi="http://www.w3.org/2001/XMLSchema-instance" xsi:schemaLocation="http://www.blizzard.com/wow/ui/ ..\FrameXML\UI.xsd">
	<Frame name="Tankadin_RF_Frame" toplevel="true" frameStrata="MEDIUM" enableMouse="true" movable="false" parent="Tankadin_Frame">
		<Size>
			<AbsDimension x="80" y="40"/>
		</Size>
		<Anchors>
			<Anchor point="TOPLEFT" RelativePoint="BOTTOMLEFT"/>
		</Anchors>
		<Backdrop edgeFile="Interface\Tooltips\UI-Tooltip-Border" bgFile="Interface\Tooltips\UI-Tooltip-Background">
			<BackgroundInsets>
				<AbsInset left="4" right="4" top="4" bottom="4"/>
			</BackgroundInsets>
			<EdgeSize>
				<AbsValue val="16"/>
			</EdgeSize>
			<Color r="0" g="0" b="0" a="0.4"/>
			<BorderColor r="1" g="0.8" b="0" a="0.8"/>
		</Backdrop>
		<Frames>
		<Button name="$parentRFuryButton" virtual="true" inherits="ActionButtonTemplate, SecureActionButtonTemplate" hidden="false" frameStrata="MEDIUM">
			<Anchors>
				<Anchor point="CENTER" RelativePoint="CENTER">
					<Offset x="0" y="0"/>
				</Anchor>
			</Anchors>
			<Layers>
				<Layer level="ARTWORK">
					<Texture name="$parentMainTexture" file="Interface\Icons\Spell_Holy_SealOfFury.blp">
						<Size x="36" y="36"/>
						<Anchors>
							<Anchor point="TOPLEFT" relativeTo="$parent" relativePoint="TOPLEFT">
								<Offset x="0" y="0"/>
							</Anchor>
						</Anchors>
					</Texture>
				</Layer>
			</Layers>
			<Scripts>
				<OnLoad>
					this:SetAttribute("type1", "macro");
					this:SetAttribute("macrotext", "/cast "..TANKADIN_RF.."\n/cancelaura "..TANKADIN_BOS.."\n/cancelaura "..TANKADIN_GBOS);
					this:SetScale(.75);
				</OnLoad>
			</Scripts>
		</Button>
		</Frames>
		<Scripts>
			<OnMouseDown>
				if ( button == "LeftButton" and not Tankadin_Options.lock and this:IsMovable()) then
					self:StartMoving();
					self.isMoving = true;
				end
			</OnMouseDown>
			<OnMouseUp>
				if ( self.isMoving ) then
					self:StopMovingOrSizing();
					self.isMoving = false;
				end
				if ( this:IsMovable() ) then 
					point, relativeTo, relativePoint, xOfs, yOfs = Tankadin_RF_Frame:GetPoint();
					Tankadin_Options.Tankadin_RF_Frame.coords = {point,relativePoint,xOfs,yOfs};
				end
			</OnMouseUp>
			<OnHide>
				if ( self.isMoving ) then
					self:StopMovingOrSizing();
					self.isMoving = false;
				end
			</OnHide>
		</Scripts>
	</Frame>
</Ui>