<Ui xmlns="http://www.blizzard.com/wow/ui/" xmlns:xsi="http://www.w3.org/2001/XMLSchema-instance" xsi:schemaLocation="http://www.blizzard.com/wow/ui/ ..\FrameXML\UI.xsd">
<Script file="Tankadin.lua"/>
	<Frame name="Tankadin_AD_Frame" toplevel="true" frameStrata="MEDIUM" enableMouse="true" movable="false" parent="Tankadin_Frame">
		<Size>
			<AbsDimension x="80" y="80"/>
		</Size>
		<Anchors>
			<Anchor point="TOPLEFT" RelativePoint="BOTTOMLEFT">
				<Offset x="0" y="-40"/>
			</Anchor>
		</Anchors>
		<Backdrop edgeFile="Interface\Tooltips\UI-Tooltip-Border" bgFile="Interface\Tooltips\UI-Tooltip-Background">
			<BackgroundInsets>
				<AbsInset left="4" right="4" top="4" bottom="4"/>
			</BackgroundInsets>
			<EdgeSize>
				<AbsValue val="16"/>
			</EdgeSize>
			<Color r="0" g="0" b="0" a="0.4"/>
			<BorderColor r="1" g="0.8" b="0" a="0.8"/>
		</Backdrop>
		<Layers>
			<Layer level="OVERLAY">
				<FontString name="$parent_Text" inherits="GameFontNormal" text="AD Frame">
					<Anchors>
						<Anchor point="CENTER"/>
					</Anchors>
				</FontString>
			</Layer>
		</Layers>
		<Scripts>
			<OnLoad>
				Tankadin_AD_Frame_Text:SetFont("Interface\\Addons\\Tankadin\\Fonts\\Tw_Cen_MT.TTF", 13);
			</OnLoad>
			<OnMouseDown>
				if ( button == "RightButton" ) then 
					Tankadin_AD_Info_Clear();
				end
				if ( button == "LeftButton" and not Tankadin_Options.lock and this:IsMovable()) then
					self:StartMoving();
					self.isMoving = true;
				end
			</OnMouseDown>
			<OnMouseUp>
				if ( self.isMoving ) then
					self:StopMovingOrSizing();
					self.isMoving = false;
				end
				if ( this:IsMovable() ) then 
					point, relativeTo, relativePoint, xOfs, yOfs = Tankadin_AD_Frame:GetPoint();
					Tankadin_Options.Tankadin_AD_Frame.coords = {point,relativePoint,xOfs,yOfs};
				end
			</OnMouseUp>
			<OnHide>
				if ( self.isMoving ) then
					self:StopMovingOrSizing();
					self.isMoving = false;
				end
			</OnHide>
			<OnEnter>
				Tankadin_AD_OnEnter(self);
			</OnEnter>
			<OnLeave>
				GameTooltip:Hide();
			</OnLeave>
		</Scripts>
	</Frame>
</Ui>