<Ui xmlns="http://www.blizzard.com/wow/ui/" xmlns:xsi="http://www.w3.org/2001/XMLSchema-instance" xsi:schemaLocation="http://www.blizzard.com/wow/ui/ ..\FrameXML\UI.xsd">
	<Script file="localization.lua"/>
	<Script file="Tankadin.lua"/>
	<Frame name="Tankadin_Frame" toplevel="true" frameStrata="MEDIUM" enableMouse="true" movable="true" parent="UIParent" clampedToScreen="true">
		<Size>
			<AbsDimension x="220" y="20"/>
		</Size>
		<Anchors>
			<Anchor point="CENTER"/>
		</Anchors>
		<Backdrop edgeFile="Interface\Tooltips\UI-Tooltip-Border" bgFile="Interface\Tooltips\UI-Tooltip-Background">
			<BackgroundInsets>
				<AbsInset left="4" right="4" top="4" bottom="4"/>
			</BackgroundInsets>
			<EdgeSize>
				<AbsValue val="16"/>
			</EdgeSize>
			<Color r="0" g="0" b="0" a="0.4"/>
			<BorderColor r="1" g="0.8" b="0" a="0.8"/>
		</Backdrop>
		<Layers>
			<Layer level="OVERLAY">
				<FontString name="$parent_Text" inherits="GameFontNormal" text="Tankadin">
					<Anchors>
						<Anchor point="CENTER">
							<Offset x="0" y="0"/>
						</Anchor>
					</Anchors>
				</FontString>
			</Layer>
		</Layers>
		<Frames>
			<Button name="$parent_OButton" inherits="OptionsButtonTemplate">
				<Size>
					<AbsDimension x="12" y="12"/>
				</Size>
				<Anchors>
					<Anchor point="BOTTOMLEFT">
						<Offset>
							<AbsDimension x="5" y="4"/>
						</Offset>
					</Anchor>
				</Anchors>
				<Scripts>
					<OnClick>
						Tankadin_Options_Toggle();
					</OnClick>
					<OnEnter>
						GameTooltip_SetDefaultAnchor(GameTooltip, self);
						GameTooltip:SetText(TANKADIN_TOOLTIP_TITLE);
						GameTooltip:AddLine(TANKADIN_OPTIONS);
						GameTooltipTextLeft1:SetTextColor(1, 1, 1);
						GameTooltip:Show();
					</OnEnter>
					<OnLeave>
						GameTooltip:Hide();
					</OnLeave>
				</Scripts>
				<NormalTexture file="Interface\Icons\Spell_Holy_AvengersShield.blp"/>
				<PushedTexture file="Interface\Icons\Spell_Holy_AvengersShield.blp"/>
				<DisabledTexture file="Interface\Icons\Spell_Holy_AvengersShield.blp"/>
				<HighlightTexture file="Interface\Buttons\UI-Common-MouseHilight" alphaMode="ADD"/>
			</Button>
		</Frames>
		<Scripts>
			<OnLoad>
				Tankadin_OnLoad(self);
				Tankadin_Frame_Text:SetFont("Interface\\Addons\\Tankadin\\Fonts\\Tw_Cen_MT.TTF", 13);
			</OnLoad>
			<OnEvent>
				Tankadin_OnEvent(self, event, ...);
			</OnEvent>
			<OnMouseDown>
				if ( button == "LeftButton" and not Tankadin_Options.lock) then
					self:StartMoving();
					self.isMoving = true;
				end
				if ( button == "RightButton" and InCombatLockdown() == nil ) then
					Tankadin_Info_Toggle();
				elseif ( button == "RightButton" ) then
					Tankadin_Message(TANKADIN_IN_COMBAT_ERROR);
				end
			</OnMouseDown>
			<OnMouseUp>
				if ( self.isMoving ) then
					self:StopMovingOrSizing();
					self.isMoving = false;
				end
			</OnMouseUp>
			<OnHide>
				if ( self.isMoving ) then
					self:StopMovingOrSizing();
					self.isMoving = false;
				end
			</OnHide>
			<OnEnter>
				Tankadin_OnEnter(self);
			</OnEnter>
			<OnLeave>
				GameTooltip:Hide();
			</OnLeave>
		</Scripts>
	</Frame>
</Ui>