<Ui xmlns="http://www.blizzard.com/wow/ui/" xmlns:xsi="http://www.w3.org/2001/XMLSchema-instance" xsi:schemaLocation="http://www.blizzard.com/wow/ui/ ..\FrameXML\UI.xsd">
	<Script file="localization.lua"/>
	<Script file="Tankadin_Option.lua"/>
	<Script file="Tankadin.lua"/>
   <Frame name="Tankadin_Options_TabContainerFrame" toplevel="true" frameStrata="DIALOG" movable="true" enableMouse="true" hidden="true" parent="UIParent">
       <Size>
           <AbsDimension x="480" y="325"/>
       </Size>
       <Anchors>
           <Anchor point="CENTER"/>
           <Offset><AbsDimension x="-200" y="200"/></Offset>
       </Anchors>
       <Backdrop bgFile="Interface\DialogFrame\UI-DialogBox-Background" edgeFile="Interface\DialogFrame\UI-DialogBox-Border" tile="true">
           <BackgroundInsets>
               <AbsInset left="11" right="12" top="12" bottom="11"/>
           </BackgroundInsets>
           <TileSize>
               <AbsValue val="32"/>
           </TileSize>
           <EdgeSize>
               <AbsValue val="32"/>
           </EdgeSize>
       </Backdrop>
       <Layers>
           <Layer level="ARTWORK">
               <Texture name="myFrameHeader" file="Interface\DialogFrame\UI-DialogBox-Header">
                   <Size>
                       <AbsDimension x="356" y="64"/>
                   </Size>
                   <Anchors>
                       <Anchor point="TOP">
                           <Offset>
                               <AbsDimension x="0" y="12"/>
                           </Offset>
                       </Anchor>
                   </Anchors>
               </Texture>
               <FontString inherits="GameFontNormal" text="TANKADIN_OPTIONS_TITLE">
                   <Anchors>
                       <Anchor point="TOP" relativeTo="myFrameHeader">
                           <Offset>
                               <AbsDimension x="0" y="-14"/>
                           </Offset>
                       </Anchor>
                   </Anchors>
               </FontString>
           </Layer>
       </Layers>
       <Frames>
           <Frame name="$parent_TabPage1" hidden="false">
               <Anchors>
                   <Anchor point="TOPLEFT"/>
                   <Anchor point="BOTTOMRIGHT"/>
               </Anchors>
               <Layers>
                   <Layer level="ARTWORK">
                       <FontString inherits="GameFontNormal" text="">
                           <Anchors>
                               <Anchor point="TOPLEFT" relativeTo="$parent">
                                   <Offset>
                                       <AbsDimension x="20" y="-30"/>
                                   </Offset>
                               </Anchor>
                           </Anchors>
                       </FontString>
                   </Layer>
               </Layers>
               <Frames>
			   
			   	<CheckButton name="$parent_ShowBox" inherits="OptionsCheckButtonTemplate">
				<Anchors>
					<Anchor point="TOPLEFT">
						<Offset>
							<AbsDimension x="20" y="-60"/>
						</Offset>
					</Anchor>
				</Anchors>
				<Scripts>
					<OnLoad>
						OptionsCheckButton_SetText(TANKADIN_OPTIONS_SHOW);
					</OnLoad>
					<OnClick>
						Tankadin_Toggle();
					</OnClick>
				</Scripts>
			</CheckButton>
			<CheckButton name="$parent_MiniBox" inherits="OptionsCheckButtonTemplate">
				<Anchors>
					<Anchor point="TOPLEFT">
						<Offset>
							<AbsDimension x="20" y="-90"/>
						</Offset>
					</Anchor>
				</Anchors>
				<Scripts>
					<OnLoad>
						OptionsCheckButton_SetText(TANKADIN_OPTIONS_MINIMIZE);
					</OnLoad>
					<OnClick>
						Tankadin_Info_Toggle();
					</OnClick>
				</Scripts>
			</CheckButton>
			<CheckButton name="$parent_BasicButton" inherits="SendMailRadioButtonTemplate">
                <Anchors>
                    <Anchor point="TOPLEFT">
                        <Offset>
                            <AbsDimension  x="50" y="-120"/>
                        </Offset>
                    </Anchor>
                </Anchors>
                <Scripts>
                    <OnLoad>
                        getglobal(this:GetName().."Text"):SetText(TANKADIN_OPTIONS_BASIC);
                    </OnLoad>
                    <OnClick>
                        Tankadin_Options_TabContainerFrame_TabPage1_AdvButton:SetChecked(nil);
						Tankadin_Options.tbasic = true;
						Tankadin_Options.tadv = false;
                    </OnClick>
                </Scripts>
            </CheckButton>
            <CheckButton name="$parent_AdvButton" inherits="SendMailRadioButtonTemplate">
                <Anchors>
                    <Anchor point="TOPLEFT">
                        <Offset>
                            <AbsDimension  x="50" y="-135"/>
                        </Offset>
                    </Anchor>
                </Anchors>
                <Scripts>
                    <OnLoad>
                        getglobal(this:GetName().."Text"):SetText(TANKADIN_OPTIONS_ADVANCED);
                    </OnLoad>
                    <OnClick>
                        Tankadin_Options_TabContainerFrame_TabPage1_BasicButton:SetChecked(nil);
						Tankadin_Options.tbasic = false;
						Tankadin_Options.tadv = true;
                    </OnClick>
                </Scripts>
            </CheckButton>
			<CheckButton name="$parent_WarnBox" inherits="OptionsCheckButtonTemplate">
				<Anchors>
					<Anchor point="TOPLEFT">
						<Offset>
							<AbsDimension x="20" y="-150"/>
						</Offset>
					</Anchor>
				</Anchors>
				<Scripts>
					<OnLoad>
						OptionsCheckButton_SetText(TANKADIN_OPTIONS_WARN);
					</OnLoad>
					<OnClick>
						Tankadin_Options.warn = not Tankadin_Options.warn;
					</OnClick>
				</Scripts>
			</CheckButton>
			<CheckButton name="$parent_RFOnceButton" inherits="SendMailRadioButtonTemplate">
                <Anchors>
                    <Anchor point="TOPLEFT">
                        <Offset>
                            <AbsDimension  x="50" y="-180"/>
                        </Offset>
                    </Anchor>
                </Anchors>
                <Scripts>
                    <OnLoad>
                        getglobal(this:GetName().."Text"):SetText(TANKADIN_OPTIONS_ONCE);
                    </OnLoad>
                    <OnClick>
                        Tankadin_Options_TabContainerFrame_TabPage1_RFAlwaysButton:SetChecked(nil);
						Tankadin_Options.RFConstant = flase;
                    </OnClick>
                </Scripts>
            </CheckButton>
			<CheckButton name="$parent_RFAlwaysButton" inherits="SendMailRadioButtonTemplate">
                <Anchors>
                    <Anchor point="TOPLEFT">
                        <Offset>
                            <AbsDimension  x="50" y="-195"/>
                        </Offset>
                    </Anchor>
                </Anchors>
                <Scripts>
                    <OnLoad>
                        getglobal(this:GetName().."Text"):SetText(TANKADIN_OPTIONS_ALWAYS);
                    </OnLoad>
                    <OnClick>
                        Tankadin_Options_TabContainerFrame_TabPage1_RFOnceButton:SetChecked(nil);
						Tankadin_Options.RFConstant = true;
                    </OnClick>
                </Scripts>
            </CheckButton>
			<CheckButton name="$parent_LockBox" inherits="OptionsCheckButtonTemplate">
				<Anchors>
					<Anchor point="TOPLEFT">
						<Offset>
							<AbsDimension x="20" y="-215"/>
						</Offset>
					</Anchor>
				</Anchors>
				<Scripts>
					<OnLoad>
						OptionsCheckButton_SetText(TANKADIN_OPTIONS_LOCK);
					</OnLoad>
					<OnClick>
						Tankadin_Options.lock = not Tankadin_Options.lock;
					</OnClick>
				</Scripts>
			</CheckButton>
			<CheckButton name="$parent_GrowUpBox" inherits="OptionsCheckButtonTemplate">
				<Anchors>
					<Anchor point="TOPLEFT">
						<Offset>
							<AbsDimension x="20" y="-245"/>
						</Offset>
					</Anchor>
				</Anchors>
				<Scripts>
					<OnLoad>
						OptionsCheckButton_SetText(TANKADIN_OPTIONS_GROWUP);
					</OnLoad>
					<OnClick>
						Tankadin_Options.growup = not Tankadin_Options.growup;
						Tankadin_InitDisplay();
					</OnClick>
				</Scripts>
			</CheckButton>
			<Button name="$parent_DoneButton" inherits="OptionsButtonTemplate" text="TANKADIN_OPTIONS_DONE">
				<Anchors>
					<Anchor point="BOTTOMRIGHT">
						<Offset>
							<AbsDimension x="-20" y="20"/>
						</Offset>
					</Anchor>
				</Anchors>
				<Scripts>
					<OnClick>
						Tankadin_Options_TabContainerFrame:Hide();
					</OnClick>
				</Scripts>
			</Button>
			   
            </Frames> 
           </Frame>   
           <Frame name="$parent_TabPage2" hidden="true">
               <Anchors>
                   <Anchor point="TOPLEFT"/>
                   <Anchor point="BOTTOMRIGHT"/>
               </Anchors>
               <Layers>
                   <Layer level="ARTWORK">
                       <FontString inherits="GameFontNormal" text="">
                           <Anchors>
                               <Anchor point="TOPLEFT" relativeTo="$parent">
                                   <Offset>
                                       <AbsDimension x="20" y="-30"/>
                                   </Offset>
                               </Anchor>
                           </Anchors>
                       </FontString>
                   </Layer>
               </Layers>
               <Frames>				
			   
			<CheckButton name="$parent_AnnounceBox" inherits="OptionsCheckButtonTemplate">
				<Anchors>
					<Anchor point="TOPLEFT">
						<Offset>
							<AbsDimension x="20" y="-60"/>
						</Offset>
					</Anchor>
				</Anchors>
				<Scripts>
					<OnLoad>
						OptionsCheckButton_SetText(TANKADIN_OPTIONS_ANNOUNCE);
					</OnLoad>
					<OnClick>
						Tankadin_Options.announce = not Tankadin_Options.announce;
					</OnClick>
				</Scripts>
			</CheckButton>
			<CheckButton name="$parent_ADClearBox" inherits="OptionsCheckButtonTemplate">
				<Anchors>
					<Anchor point="TOPLEFT">
						<Offset>
							<AbsDimension x="20" y="-90"/>
						</Offset>
					</Anchor>
				</Anchors>
				<Scripts>
					<OnLoad>
						OptionsCheckButton_SetText(TANKADIN_OPTIONS_ADCLEAR);
					</OnLoad>
					<OnClick>
						Tankadin_Options.ADClear = not Tankadin_Options.ADClear;
					</OnClick>
				</Scripts>
			</CheckButton>
			<CheckButton name="$parent_DeathAvoidAnn" inherits="OptionsCheckButtonTemplate">
				<Anchors>
					<Anchor point="TOPLEFT">
						<Offset>
							<AbsDimension x="20" y="-120"/>
						</Offset>
					</Anchor>
				</Anchors>
				<Scripts>
					<OnLoad>
						OptionsCheckButton_SetText(TANKADIN_OPTIONS_DEATHANN);
					</OnLoad>
					<OnClick>
						Tankadin_Options.DeathAvoidAnn = not Tankadin_Options.DeathAvoidAnn;
						Tankadin_InitDisplay();
					</OnClick>
				</Scripts>
			</CheckButton>
			   
			<Button name="$parent_DoneButton" inherits="OptionsButtonTemplate" text="TANKADIN_OPTIONS_DONE">
				<Anchors>
					<Anchor point="BOTTOMRIGHT">
						<Offset>
							<AbsDimension x="-20" y="20"/>
						</Offset>
					</Anchor>
				</Anchors>
				<Scripts>
					<OnClick>
						Tankadin_Options_TabContainerFrame:Hide();
					</OnClick>
				</Scripts>
			</Button>
			
			
               </Frames> 
           </Frame>
		    <Frame name="$parent_TabPage3" hidden="true">
               <Anchors>
                   <Anchor point="TOPLEFT"/>
                   <Anchor point="BOTTOMRIGHT"/>
               </Anchors>
               <Layers>
                   <Layer level="ARTWORK">
                       <FontString inherits="GameFontNormal" text="">
                           <Anchors>
                               <Anchor point="TOPLEFT" relativeTo="$parent">
                                   <Offset>
                                       <AbsDimension x="20" y="-30"/>
                                   </Offset>
                               </Anchor>
                           </Anchors>
                       </FontString>
					   <FontString inherits="GameFontNormal" text="TANKADIN_OPTIONS_BGCOLOR">
                           <Anchors>
                               <Anchor point="TOPLEFT" relativeTo="$parent">
                                   <Offset>
                                       <AbsDimension x="50" y="-65"/>
                                   </Offset>
                               </Anchor>
                           </Anchors>
                       </FontString>
					   <FontString inherits="GameFontNormal" text="TANKADIN_OPTIONS_FRAMECOLOR">
                           <Anchors>
                               <Anchor point="TOPLEFT" relativeTo="$parent">
                                   <Offset>
                                       <AbsDimension x="50" y="-95"/>
                                   </Offset>
                               </Anchor>
                           </Anchors>
                       </FontString>
					   <FontString inherits="GameFontNormal" text="TANKADIN_OPTIONS_TCOLOR">
                           <Anchors>
                               <Anchor point="TOPLEFT" relativeTo="$parent">
                                   <Offset>
                                       <AbsDimension x="50" y="-125"/>
                                   </Offset>
                               </Anchor>
                           </Anchors>
                       </FontString>
					   <FontString inherits="GameFontNormal" text="TANKADIN_OPTIONS_WARNCOLOR">
                           <Anchors>
                               <Anchor point="TOPLEFT" relativeTo="$parent">
                                   <Offset>
                                       <AbsDimension x="50" y="-155"/>
                                   </Offset>
                               </Anchor>
                           </Anchors>
                       </FontString>
					   <FontString inherits="GameFontNormal" text="TANKADIN_OPTIONS_WARNFRAMES">
                           <Anchors>
                               <Anchor point="TOPLEFT" relativeTo="$parent">
                                   <Offset>
                                       <AbsDimension x="200" y="-185"/>
                                   </Offset>
                               </Anchor>
                           </Anchors>
                       </FontString>
                   </Layer>
               </Layers>
               <Frames>
			   
			<Button name="$parent_BGColor">
				<Size>
					<AbsDimension x="18" y="18"/>
				</Size>
				<Anchors>
					<Anchor point="TOPLEFT">
						<Offset>
							<AbsDimension x="30" y="-60"/>
						</Offset>
					</Anchor>
				</Anchors>
				<Layers>
					<Layer level="BACKGROUND">
						<Texture name="$parent_SwatchBg">
							<Size>
								<AbsDimension x="16" y="16"/>
							</Size>
							<Anchors>
								<Anchor point="CENTER">
									<Offset>
										<AbsDimension x="0" y="0"/>
									</Offset>
								</Anchor>
							</Anchors>
							<Color r="1.0" g="1.0" b="1.0"/>
						</Texture>
					</Layer>
				</Layers>
				<Scripts>
					<OnLoad>
						getglobal(this:GetName().."NormalTexture"):SetVertexColor(Tankadin_Options.BGColor[1], Tankadin_Options.BGColor[2], Tankadin_Options.BGColor[3]);
					</OnLoad>
					<OnClick>
						Tankadin_OpenColorPicker(this:GetName());
					</OnClick>
					<OnEnter>
						getglobal(this:GetName().."_SwatchBg"):SetVertexColor(NORMAL_FONT_COLOR.r, NORMAL_FONT_COLOR.g, NORMAL_FONT_COLOR.b);
					</OnEnter>
					<OnLeave>
						getglobal(this:GetName().."_SwatchBg"):SetVertexColor(HIGHLIGHT_FONT_COLOR.r, HIGHLIGHT_FONT_COLOR.g, HIGHLIGHT_FONT_COLOR.b);
					</OnLeave>
				</Scripts>
				<NormalTexture name="$parentNormalTexture" file="Interface\ChatFrame\ChatFrameColorSwatch"/>
			</Button>
			
			<Button name="$parent_FrameColor">
				<Size>
					<AbsDimension x="18" y="18"/>
				</Size>
				<Anchors>
					<Anchor point="TOPLEFT">
						<Offset>
							<AbsDimension x="30" y="-90"/>
						</Offset>
					</Anchor>
				</Anchors>
				<Layers>
					<Layer level="BACKGROUND">
						<Texture name="$parent_SwatchBg">
							<Size>
								<AbsDimension x="16" y="16"/>
							</Size>
							<Anchors>
								<Anchor point="CENTER">
									<Offset>
										<AbsDimension x="0" y="0"/>
									</Offset>
								</Anchor>
							</Anchors>
							<Color r="1.0" g="1.0" b="1.0"/>
						</Texture>
					</Layer>
				</Layers>
				<Scripts>
					<OnLoad>
						getglobal(this:GetName().."NormalTexture"):SetVertexColor(Tankadin_Options.frameColor[1], Tankadin_Options.frameColor[2], Tankadin_Options.frameColor[3]);
					</OnLoad>
					<OnClick>
						Tankadin_OpenColorPicker(this:GetName());
					</OnClick>
					<OnEnter>
						getglobal(this:GetName().."_SwatchBg"):SetVertexColor(NORMAL_FONT_COLOR.r, NORMAL_FONT_COLOR.g, NORMAL_FONT_COLOR.b);
					</OnEnter>
					<OnLeave>
						getglobal(this:GetName().."_SwatchBg"):SetVertexColor(HIGHLIGHT_FONT_COLOR.r, HIGHLIGHT_FONT_COLOR.g, HIGHLIGHT_FONT_COLOR.b);
					</OnLeave>
				</Scripts>
				<NormalTexture name="$parentNormalTexture" file="Interface\ChatFrame\ChatFrameColorSwatch"/>
			</Button>
			
			
			<Button name="$parent_TextColor">
				<Size>
					<AbsDimension x="18" y="18"/>
				</Size>
				<Anchors>
					<Anchor point="TOPLEFT">
						<Offset>
							<AbsDimension x="30" y="-120"/>
						</Offset>
					</Anchor>
				</Anchors>
				<Layers>
					<Layer level="BACKGROUND">
						<Texture name="$parent_SwatchBg">
							<Size>
								<AbsDimension x="16" y="16"/>
							</Size>
							<Anchors>
								<Anchor point="CENTER">
									<Offset>
										<AbsDimension x="0" y="0"/>
									</Offset>
								</Anchor>
							</Anchors>
							<Color r="1.0" g="1.0" b="1.0"/>
						</Texture>
					</Layer>
				</Layers>
				<Scripts>
					<OnLoad>
						getglobal(this:GetName().."NormalTexture"):SetVertexColor(Tankadin_Options.TextColor[1], Tankadin_Options.TextColor[2], Tankadin_Options.TextColor[3]);
					</OnLoad>
					<OnClick>
						Tankadin_OpenColorPicker(this:GetName());
					</OnClick>
					<OnEnter>
						getglobal(this:GetName().."_SwatchBg"):SetVertexColor(NORMAL_FONT_COLOR.r, NORMAL_FONT_COLOR.g, NORMAL_FONT_COLOR.b);
					</OnEnter>
					<OnLeave>
						getglobal(this:GetName().."_SwatchBg"):SetVertexColor(HIGHLIGHT_FONT_COLOR.r, HIGHLIGHT_FONT_COLOR.g, HIGHLIGHT_FONT_COLOR.b);
					</OnLeave>
				</Scripts>
				<NormalTexture name="$parentNormalTexture" file="Interface\ChatFrame\ChatFrameColorSwatch"/>
			</Button>
			
			<Button name="$parent_WarnColor">
				<Size>
					<AbsDimension x="18" y="18"/>
				</Size>
				<Anchors>
					<Anchor point="TOPLEFT">
						<Offset>
							<AbsDimension x="30" y="-150"/>
						</Offset>
					</Anchor>
				</Anchors>
				<Layers>
					<Layer level="BACKGROUND">
						<Texture name="$parent_SwatchBg">
							<Size>
								<AbsDimension x="16" y="16"/>
							</Size>
							<Anchors>
								<Anchor point="CENTER">
									<Offset>
										<AbsDimension x="0" y="0"/>
									</Offset>
								</Anchor>
							</Anchors>
							<Color r="1.0" g="1.0" b="1.0"/>
						</Texture>
					</Layer>
				</Layers>
				<Scripts>
					<OnLoad>
						getglobal(this:GetName().."NormalTexture"):SetVertexColor(Tankadin_Options.WarnColor[1], Tankadin_Options.WarnColor[2], Tankadin_Options.WarnColor[3]);
					</OnLoad>
					<OnClick>
						Tankadin_OpenColorPicker(this:GetName());
					</OnClick>
					<OnEnter>
						getglobal(this:GetName().."_SwatchBg"):SetVertexColor(NORMAL_FONT_COLOR.r, NORMAL_FONT_COLOR.g, NORMAL_FONT_COLOR.b);
					</OnEnter>
					<OnLeave>
						getglobal(this:GetName().."_SwatchBg"):SetVertexColor(HIGHLIGHT_FONT_COLOR.r, HIGHLIGHT_FONT_COLOR.g, HIGHLIGHT_FONT_COLOR.b);
					</OnLeave>
				</Scripts>
				<NormalTexture name="$parentNormalTexture" file="Interface\ChatFrame\ChatFrameColorSwatch"/>
			</Button>
			
			<Button name="$parent_DefaultButton" inherits="OptionsButtonTemplate" text="TANKADIN_OPTIONS_FLASHWARN">
				<Anchors>
					<Anchor point="TOPLEFT">
						<Offset>
							<AbsDimension x="30" y="-180"/>
						</Offset>
					</Anchor>
				</Anchors>
				<Scripts>
					<OnClick>
						Tankadin_RF_Warn_Frame_Texture:SetVertexColor(Tankadin_Options.WarnColor[1], Tankadin_Options.WarnColor[2], Tankadin_Options.WarnColor[3], Tankadin_Options.WarnColor[4]);
						UIFrameFlash(Tankadin_RF_Warn_Frame, 1, 1, 3.5, false, 1, 0.5); 
					</OnClick>
				</Scripts>
			</Button>
			
			<Slider name="$parent_AlphaSlider" inherits="OptionsSliderTemplate">
				<Anchors>
					<Anchor point="TOPLEFT">
						<Offset>
							<AbsDimension x="30" y="-270"/>
						</Offset>
					</Anchor>
				</Anchors>
				<Scripts>
					<OnLoad>
						Tankadin_SetupSlider(self, TANKADIN_OPTIONS_ALPHALABEL, 0, 1, 0);
					</OnLoad>
					<OnValueChanged>
						Tankadin_Options.alpha = this:GetValue();
						Tankadin_Frame:SetAlpha(Tankadin_Options.alpha);
					</OnValueChanged>
				</Scripts>
			</Slider>
			<Slider name="$parent_ScaleSlider" inherits="OptionsSliderTemplate">
				<Anchors>
					<Anchor point="TOPLEFT">
						<Offset>
							<AbsDimension x="30" y="-220"/>
						</Offset>
					</Anchor>
				</Anchors>
				<Scripts>
					<OnLoad>
						Tankadin_SetupSlider(self, TANKADIN_OPTIONS_SCALELABEL, 0.1, 2, 0);
					</OnLoad>
					<OnValueChanged>
						Tankadin_Options.scale = this:GetValue();
						Tankadin_Frame:SetScale(Tankadin_Options.scale);
					</OnValueChanged>
				</Scripts>
			</Slider>
			
			<CheckButton name="$parent_WarningFrameButton1" inherits="SendMailRadioButtonTemplate">
				<Anchors>
					<Anchor point="TOPLEFT">
						<Offset>
							<AbsDimension  x="200" y="-200"/>
						</Offset>
					</Anchor>
				</Anchors>
				<Scripts>
					<OnLoad>
						getglobal(this:GetName().."Text"):SetText("Default");
					</OnLoad>
					<OnClick>
						Tankadin_RF_Warn_Frame_Texture:SetTexture("Interface\\AddOns\\Tankadin\\Images\\warn1");
						Tankadin_Options.WarnFrameType = 1;
						Tankadin_Options_TabContainerFrame_TabPage3_WarningFrameButton2:SetChecked(nil);
						Tankadin_Options_TabContainerFrame_TabPage3_WarningFrameButton3:SetChecked(nil);
						Tankadin_Options_TabContainerFrame_TabPage3_WarningFrameButton4:SetChecked(nil);
						Tankadin_Options_TabContainerFrame_TabPage3_WarningFrameButton5:SetChecked(nil);
						Tankadin_Options_TabContainerFrame_TabPage3_WarningFrameButton6:SetChecked(nil);
					</OnClick>
				</Scripts>
            </CheckButton>
			
			<CheckButton name="$parent_WarningFrameButton2" inherits="SendMailRadioButtonTemplate">
				<Anchors>
					<Anchor point="TOPLEFT">
						<Offset>
							<AbsDimension  x="200" y="-215"/>
						</Offset>
					</Anchor>
				</Anchors>
				<Scripts>
					<OnLoad>
						getglobal(this:GetName().."Text"):SetText("Grass");
					</OnLoad>
					<OnClick>
						Tankadin_RF_Warn_Frame_Texture:SetTexture("Interface\\AddOns\\Tankadin\\Images\\warn2");
						Tankadin_Options.WarnFrameType = 2;
						Tankadin_Options_TabContainerFrame_TabPage3_WarningFrameButton1:SetChecked(nil);
						Tankadin_Options_TabContainerFrame_TabPage3_WarningFrameButton3:SetChecked(nil);
						Tankadin_Options_TabContainerFrame_TabPage3_WarningFrameButton4:SetChecked(nil);
						Tankadin_Options_TabContainerFrame_TabPage3_WarningFrameButton5:SetChecked(nil);
						Tankadin_Options_TabContainerFrame_TabPage3_WarningFrameButton6:SetChecked(nil);
					</OnClick>
				</Scripts>
            </CheckButton>
			
			<CheckButton name="$parent_WarningFrameButton3" inherits="SendMailRadioButtonTemplate">
				<Anchors>
					<Anchor point="TOPLEFT">
						<Offset>
							<AbsDimension  x="200" y="-230"/>
						</Offset>
					</Anchor>
				</Anchors>
				<Scripts>
					<OnLoad>
						getglobal(this:GetName().."Text"):SetText("Stained Glass");
					</OnLoad>
					<OnClick>
						Tankadin_RF_Warn_Frame_Texture:SetTexture("Interface\\AddOns\\Tankadin\\Images\\warn3");
						Tankadin_Options.WarnFrameType = 3;
						Tankadin_Options_TabContainerFrame_TabPage3_WarningFrameButton1:SetChecked(nil);
						Tankadin_Options_TabContainerFrame_TabPage3_WarningFrameButton2:SetChecked(nil);
						Tankadin_Options_TabContainerFrame_TabPage3_WarningFrameButton4:SetChecked(nil);
						Tankadin_Options_TabContainerFrame_TabPage3_WarningFrameButton5:SetChecked(nil);
						Tankadin_Options_TabContainerFrame_TabPage3_WarningFrameButton6:SetChecked(nil);
					</OnClick>
				</Scripts>
            </CheckButton>
			
			<CheckButton name="$parent_WarningFrameButton4" inherits="SendMailRadioButtonTemplate">
				<Anchors>
					<Anchor point="TOPLEFT">
						<Offset>
							<AbsDimension  x="200" y="-245"/>
						</Offset>
					</Anchor>
				</Anchors>
				<Scripts>
					<OnLoad>
						getglobal(this:GetName().."Text"):SetText("Warp Tunnel");
					</OnLoad>
					<OnClick>
						Tankadin_RF_Warn_Frame_Texture:SetTexture("Interface\\AddOns\\Tankadin\\Images\\warn4");
						Tankadin_Options.WarnFrameType = 4;
						Tankadin_Options_TabContainerFrame_TabPage3_WarningFrameButton1:SetChecked(nil);
						Tankadin_Options_TabContainerFrame_TabPage3_WarningFrameButton2:SetChecked(nil);
						Tankadin_Options_TabContainerFrame_TabPage3_WarningFrameButton3:SetChecked(nil);
						Tankadin_Options_TabContainerFrame_TabPage3_WarningFrameButton5:SetChecked(nil);
						Tankadin_Options_TabContainerFrame_TabPage3_WarningFrameButton6:SetChecked(nil);
					</OnClick>
				</Scripts>
            </CheckButton>
			
			<CheckButton name="$parent_WarningFrameButton5" inherits="SendMailRadioButtonTemplate">
				<Anchors>
					<Anchor point="TOPLEFT">
						<Offset>
							<AbsDimension  x="200" y="-260"/>
						</Offset>
					</Anchor>
				</Anchors>
				<Scripts>
					<OnLoad>
						getglobal(this:GetName().."Text"):SetText("Galaxy");
					</OnLoad>
					<OnClick>
						Tankadin_RF_Warn_Frame_Texture:SetTexture("Interface\\AddOns\\Tankadin\\Images\\warn5");
						Tankadin_Options.WarnFrameType = 5;
						Tankadin_Options_TabContainerFrame_TabPage3_WarningFrameButton1:SetChecked(nil);
						Tankadin_Options_TabContainerFrame_TabPage3_WarningFrameButton2:SetChecked(nil);
						Tankadin_Options_TabContainerFrame_TabPage3_WarningFrameButton3:SetChecked(nil);
						Tankadin_Options_TabContainerFrame_TabPage3_WarningFrameButton4:SetChecked(nil);
						Tankadin_Options_TabContainerFrame_TabPage3_WarningFrameButton6:SetChecked(nil);
					</OnClick>
				</Scripts>
            </CheckButton>
			
			<CheckButton name="$parent_WarningFrameButton6" inherits="SendMailRadioButtonTemplate">
				<Anchors>
					<Anchor point="TOPLEFT">
						<Offset>
							<AbsDimension  x="200" y="-275"/>
						</Offset>
					</Anchor>
				</Anchors>
				<Scripts>
					<OnLoad>
						getglobal(this:GetName().."Text"):SetText("Custom");
					</OnLoad>
					<OnClick>
						Tankadin_RF_Warn_Frame_Texture:SetTexture("Interface\\AddOns\\Tankadin\\Images\\custom");
						Tankadin_Options.WarnFrameType = 6;
						Tankadin_Options_TabContainerFrame_TabPage3_WarningFrameButton1:SetChecked(nil);
						Tankadin_Options_TabContainerFrame_TabPage3_WarningFrameButton2:SetChecked(nil);
						Tankadin_Options_TabContainerFrame_TabPage3_WarningFrameButton3:SetChecked(nil);
						Tankadin_Options_TabContainerFrame_TabPage3_WarningFrameButton4:SetChecked(nil);
						Tankadin_Options_TabContainerFrame_TabPage3_WarningFrameButton5:SetChecked(nil);
					</OnClick>
				</Scripts>
            </CheckButton>
		   
			<Button name="$parent_DefaultButton" inherits="OptionsButtonTemplate" text="TANKADIN_OPTIONS_DEFAULTS">
				<Anchors>
					<Anchor point="BOTTOMRIGHT">
						<Offset>
							<AbsDimension x="-20" y="50"/>
						</Offset>
					</Anchor>
				</Anchors>
				<Scripts>
					<OnClick>
						Tankadin_Options.scale = 1;
						Tankadin_Frame:SetScale(Tankadin_Options.scale);
						Tankadin_Options.alpha = 1;
						Tankadin_Frame:SetAlpha(Tankadin_Options.alpha);
						Tankadin_Options.frameColor = {1, 0.8, 0, 0.8};
						Tankadin_Options.BGColor = {0, 0, 0, 0.4};
						Tankadin_Options.TextColor = {1, 0.82, 0, 1};
						Tankadin_Options.WarnColor = {1, 1, 0, .5};
						Tankadin_Options.WarnFrameType = 1;
						Tankadin_InitDisplay();
						Tankadin_Options_Init();
					</OnClick>
				</Scripts>
			</Button>
				
			   <Button name="$parent_DoneButton" inherits="OptionsButtonTemplate" text="TANKADIN_OPTIONS_DONE">
				<Anchors>
					<Anchor point="BOTTOMRIGHT">
						<Offset>
							<AbsDimension x="-20" y="20"/>
						</Offset>
					</Anchor>
				</Anchors>
				<Scripts>
					<OnClick>
						Tankadin_Options_TabContainerFrame:Hide();
					</OnClick>
				</Scripts>
			</Button>
			   
               </Frames> 
           </Frame>
		   
		   <Frame name="$parent_TabPage4" hidden="true">
               <Anchors>
                   <Anchor point="TOPLEFT"/>
                   <Anchor point="BOTTOMRIGHT"/>
               </Anchors>
               <Layers>
                   <Layer level="ARTWORK">
                       <FontString inherits="GameFontNormal" text="">
                           <Anchors>
                               <Anchor point="TOPLEFT" relativeTo="$parent">
                                   <Offset>
                                       <AbsDimension x="20" y="-30"/>
                                   </Offset>
                               </Anchor>
                           </Anchors>
                       </FontString>
					   <FontString inherits="GameFontNormal" text="TANKADIN_PLUGINSTRING">
                           <Anchors>
                               <Anchor point="TOPLEFT" relativeTo="$parent">
                                   <Offset>
                                       <AbsDimension x="270" y="-60"/>
                                   </Offset>
                               </Anchor>
                           </Anchors>
                       </FontString>
					   <FontString name="Tankadin_Options_PluginList_Text" inherits="GameFontNormal" text="Plug-in List Error">
                           <Anchors>
                               <Anchor point="TOPLEFT" relativeTo="$parent">
                                   <Offset>
                                       <AbsDimension x="270" y="-80"/>
                                   </Offset>
                               </Anchor>
                           </Anchors>
                       </FontString>
                   </Layer>
               </Layers>
               <Frames>
			   
			   <CheckButton name="$parent_DetachAD" inherits="OptionsCheckButtonTemplate">
				<Anchors>
					<Anchor point="TOPLEFT">
						<Offset>
							<AbsDimension x="20" y="-60"/>
						</Offset>
					</Anchor>
				</Anchors>
				<Scripts>
					<OnLoad>
						OptionsCheckButton_SetText(TANKADIN_OPTIONS_DETACHAD);
					</OnLoad>
					<OnClick>
						Tankadin_Options.Tankadin_AD_Frame.detach = not Tankadin_Options.Tankadin_AD_Frame.detach;
						Tankadin_InitDisplay();
					</OnClick>
				</Scripts>
			</CheckButton>
			
			<CheckButton name="$parent_HideAD" inherits="OptionsCheckButtonTemplate">
				<Anchors>
					<Anchor point="TOPLEFT">
						<Offset>
							<AbsDimension x="40" y="-90"/>
						</Offset>
					</Anchor>
				</Anchors>
				<Scripts>
					<OnLoad>
						OptionsCheckButton_SetText(TANKADIN_OPTIONS_HIDEAD);
					</OnLoad>
					<OnClick>
						Tankadin_Options.Tankadin_AD_Frame.hide = not Tankadin_Options.Tankadin_AD_Frame.hide;
						Tankadin_InitDisplay();
					</OnClick>
				</Scripts>
			</CheckButton>
			
			<CheckButton name="$parent_DetachRF" inherits="OptionsCheckButtonTemplate">
				<Anchors>
					<Anchor point="TOPLEFT">
						<Offset>
							<AbsDimension x="20" y="-120"/>
						</Offset>
					</Anchor>
				</Anchors>
				<Scripts>
					<OnLoad>
						OptionsCheckButton_SetText(TANKADIN_OPTIONS_DETACHRF);
					</OnLoad>
					<OnClick>
						Tankadin_Options.Tankadin_RF_Frame.detach = not Tankadin_Options.Tankadin_RF_Frame.detach;
						Tankadin_InitDisplay();
					</OnClick>
				</Scripts>
			</CheckButton>
			
			<CheckButton name="$parent_HideRF" inherits="OptionsCheckButtonTemplate">
				<Anchors>
					<Anchor point="TOPLEFT">
						<Offset>
							<AbsDimension x="40" y="-150"/>
						</Offset>
					</Anchor>
				</Anchors>
				<Scripts>
					<OnLoad>
						OptionsCheckButton_SetText(TANKADIN_OPTIONS_HIDERF);
					</OnLoad>
					<OnClick>
						Tankadin_Options.Tankadin_RF_Frame.hide = not Tankadin_Options.Tankadin_RF_Frame.hide;
						Tankadin_InitDisplay();
					</OnClick>
				</Scripts>
			</CheckButton>
			
			<CheckButton name="$parent_DetachInfo" inherits="OptionsCheckButtonTemplate">
				<Anchors>
					<Anchor point="TOPLEFT">
						<Offset>
							<AbsDimension x="20" y="-180"/>
						</Offset>
					</Anchor>
				</Anchors>
				<Scripts>
					<OnLoad>
						OptionsCheckButton_SetText(TANKADIN_OPTIONS_DETACHINFO);
					</OnLoad>
					<OnClick>
						Tankadin_Options.Tankadin_Info_Frame.detach = not Tankadin_Options.Tankadin_Info_Frame.detach;
						Tankadin_InitDisplay();
					</OnClick>
				</Scripts>
			</CheckButton>
			
			<CheckButton name="$parent_HideInfo" inherits="OptionsCheckButtonTemplate">
				<Anchors>
					<Anchor point="TOPLEFT">
						<Offset>
							<AbsDimension x="40" y="-210"/>
						</Offset>
					</Anchor>
				</Anchors>
				<Scripts>
					<OnLoad>
						OptionsCheckButton_SetText(TANKADIN_OPTIONS_HIDEINFO);
					</OnLoad>
					<OnClick>
						Tankadin_Options.Tankadin_Info_Frame.hide = not Tankadin_Options.Tankadin_Info_Frame.hide;
						Tankadin_InitDisplay();
					</OnClick>
				</Scripts>
			</CheckButton>
			
			
			   <Button name="$parent_DoneButton" inherits="OptionsButtonTemplate" text="TANKADIN_OPTIONS_DONE">
				<Anchors>
					<Anchor point="BOTTOMRIGHT">
						<Offset>
							<AbsDimension x="-20" y="20"/>
						</Offset>
					</Anchor>
				</Anchors>
				<Scripts>
					<OnClick>
						Tankadin_Options_TabContainerFrame:Hide();
						Tankadin_InitDisplay();
					</OnClick>
				</Scripts>
			</Button>
               </Frames> 
           </Frame>
		   
		   <Frame name="$parent_TabPage5" hidden="true">
               <Anchors>
                   <Anchor point="TOPLEFT"/>
                   <Anchor point="BOTTOMRIGHT"/>
               </Anchors>
               <Layers>
                   <Layer level="ARTWORK">
                       <FontString inherits="GameFontNormal" text="TANKADIN_OPTIONS_CHANNELS">
                           <Anchors>
                               <Anchor point="TOPLEFT" relativeTo="$parent">
                                   <Offset>
                                       <AbsDimension x="160" y="-150"/>
                                   </Offset>
                               </Anchor>
                           </Anchors>
                       </FontString>
                   </Layer>
               </Layers>
               <Frames>
			   
			   	<CheckButton name="$parent_TauntBox" inherits="OptionsCheckButtonTemplate">
				<Anchors>
					<Anchor point="TOPLEFT">
						<Offset>
							<AbsDimension x="20" y="-60"/>
						</Offset>
					</Anchor>
				</Anchors>
				<Scripts>
					<OnLoad>
						OptionsCheckButton_SetText(TANKADIN_OPTIONS_MISSRES);
					</OnLoad>
					<OnClick>
						Tankadin_Options.taunt = not Tankadin_Options.taunt;
					</OnClick>
				</Scripts>
			</CheckButton>
			
			<CheckButton name="$parent_NoImmuneBox" inherits="OptionsCheckButtonTemplate">
				<Anchors>
					<Anchor point="TOPLEFT">
						<Offset>
							<AbsDimension x="40" y="-90"/>
						</Offset>
					</Anchor>
				</Anchors>
				<Scripts>
					<OnLoad>
						OptionsCheckButton_SetText(TANKADIN_OPTIONS_NOIMMUNE);
					</OnLoad>
					<OnClick>
						Tankadin_Options.NoImmune = not Tankadin_Options.NoImmune;
					</OnClick>
				</Scripts>
			</CheckButton>
			
			   			    <CheckButton name="Tankadin_RChan1" inherits="SendMailRadioButtonTemplate">
                        <Anchors>
                                <Anchor point="TOPLEFT">
                                        <Offset>
                                                <AbsDimension  x="30" y="-170"/>
                                        </Offset>
                                </Anchor>
                        </Anchors>
                        <Scripts>
                                <OnLoad>
                                        getglobal(this:GetName().."Text"):SetText(TANKADIN_OPTIONS_C_DEF);
                                        Tankadin_RChan1:SetChecked(1);
                                </OnLoad>
                                <OnClick>
                                        Tankadin_RChan2:SetChecked(nil);
                                        Tankadin_RChan3:SetChecked(nil);
                                        Tankadin_RChan4:SetChecked(nil);
										TankadinRChan_InputBox:Hide();
                                </OnClick>
                        </Scripts>
                </CheckButton>
				<CheckButton name="Tankadin_RChan2" inherits="SendMailRadioButtonTemplate">
                        <Anchors>
                                <Anchor point="TOPLEFT">
                                        <Offset>
                                                <AbsDimension  x="30" y="-190"/>
                                        </Offset>
                                </Anchor>
                        </Anchors>
                        <Scripts>
                                <OnLoad>
                                        getglobal(this:GetName().."Text"):SetText(TANKADIN_OPTIONS_C_GUILD);
                                </OnLoad>
                                <OnClick>
                                        Tankadin_RChan1:SetChecked(nil);
                                        Tankadin_RChan3:SetChecked(nil);
                                        Tankadin_RChan4:SetChecked(nil);
										TankadinRChan_InputBox:Hide();
                                </OnClick>
                        </Scripts>
                </CheckButton>
				<CheckButton name="Tankadin_RChan3" inherits="SendMailRadioButtonTemplate">
                        <Anchors>
                                <Anchor point="TOPLEFT">
                                        <Offset>
                                                <AbsDimension  x="30" y="-210"/>
                                        </Offset>
                                </Anchor>
                        </Anchors>
                        <Scripts>
                                <OnLoad>
                                        getglobal(this:GetName().."Text"):SetText(TANKADIN_OPTIONS_C_WT);
                                </OnLoad>
                                <OnClick>
                                        Tankadin_RChan1:SetChecked(nil);
                                        Tankadin_RChan2:SetChecked(nil);
                                        Tankadin_RChan4:SetChecked(nil);
										TankadinRChan_InputBox:Hide();
                                </OnClick>
                        </Scripts>
                </CheckButton>
				<CheckButton name="Tankadin_RChan4" inherits="SendMailRadioButtonTemplate">
                        <Anchors>
                                <Anchor point="TOPLEFT">
                                        <Offset>
                                                <AbsDimension  x="30" y="-230"/>
                                        </Offset>
                                </Anchor>
                        </Anchors>
                        <Scripts>
                                <OnLoad>
                                        getglobal(this:GetName().."Text"):SetText(TANKADIN_OPTIONS_C_CUSTOM);
                                </OnLoad>
                                <OnClick>
                                        Tankadin_RChan1:SetChecked(nil);
                                        Tankadin_RChan2:SetChecked(nil);
                                        Tankadin_RChan3:SetChecked(nil);
										TankadinRChan_InputBox:Show();
                                </OnClick>
                        </Scripts>
                </CheckButton>
				
                <EditBox name="TankadinRChan_InputBox" inherits="InputBoxTemplate" hidden="true">
                         <Size>
                          <AbsDimension x="260" y="26"/>
                        </Size>
                        <Anchors>
                                <Anchor point="TOPLEFT">
                                        <Offset>
                                                <AbsDimension x="30" y="-250"/>
                                        </Offset>
                                </Anchor>
                        </Anchors> 
						<Scripts>
							<OnLoad>
								--TankadinRChan_InputBox:SetAutoFocus(false);
							</OnLoad>
						</Scripts>
                </EditBox>
			
			<Button name="$parentADAnnounceButton" inherits="OptionsButtonTemplate" text="TANKADIN_OPTIONS_RAD">
				<Anchors>
					<Anchor point="TOPLEFT">
						<Offset>
							<AbsDimension x="30" y="-285"/>
						</Offset>
					</Anchor>
				</Anchors>
                <Scripts>
                   <OnClick>
                       TankadinReportData("AD");
                   </OnClick>
                </Scripts>
			</Button>
			
			<Button name="$parentSInfoAnnounceButton" inherits="OptionsButtonTemplate" text="TANKADIN_OPTIONS_RISHORT">
				<Anchors>
					<Anchor point="TOPLEFT">
						<Offset>
							<AbsDimension x="130" y="-285"/>
						</Offset>
					</Anchor>
				</Anchors>
                <Scripts>
                   <OnClick>
                       TankadinReportData("Info_Short");
                   </OnClick>
                </Scripts>
			</Button>
			<Button name="$parentInfoAnnounceButton" inherits="OptionsButtonTemplate" text="TANKADIN_OPTIONS_RILONG">
				<Anchors>
					<Anchor point="TOPLEFT">
						<Offset>
							<AbsDimension x="130" y="-265"/>
						</Offset>
					</Anchor>
				</Anchors>
                <Scripts>
                   <OnClick>
                       TankadinReportData("Info_Long");
                   </OnClick>
                </Scripts>
			</Button>
			
			<Button name="$parentLInfoAnnounceButton" inherits="OptionsButtonTemplate" text="TANKADIN_OPTIONS_REH">
				<Anchors>
					<Anchor point="TOPLEFT">
						<Offset>
							<AbsDimension x="230" y="-285"/>
						</Offset>
					</Anchor>
				</Anchors>
                <Scripts>
                   <OnClick>
                       TankadinReportData("EH");
                   </OnClick>
                </Scripts>
			</Button>
			<Button name="$parent_DoneButton" inherits="OptionsButtonTemplate" text="TANKADIN_OPTIONS_DONE">
				<Anchors>
					<Anchor point="BOTTOMRIGHT">
						<Offset>
							<AbsDimension x="-20" y="20"/>
						</Offset>
					</Anchor>
				</Anchors>
				<Scripts>
					<OnClick>
						Tankadin_Options_TabContainerFrame:Hide();
					</OnClick>
				</Scripts>
			</Button>
               </Frames> 
           </Frame>
		   
		   <Frame name="$parent_TabPage6" hidden="true">
               <Anchors>
                   <Anchor point="TOPLEFT"/>
                   <Anchor point="BOTTOMRIGHT"/>
               </Anchors>
               <Layers>
                   <Layer level="ARTWORK">
                       <FontString inherits="GameFontNormal" text="|||~~~~~~~* Credits *~~~~~~~|||">
                           <Anchors>
                               <Anchor point="CENTER" relativeTo="$parent">
                                   <Offset>
                                       <AbsDimension x="0" y="130"/>
                                   </Offset>
                               </Anchor>
                           </Anchors>
                       </FontString>
					   <FontString inherits="GameFontNormal" text="TANKADIN_CREDITS_AUTHOR">
                           <Anchors>
                               <Anchor point="CENTER" relativeTo="$parent">
                                   <Offset>
                                       <AbsDimension x="0" y="100"/>
                                   </Offset>
                               </Anchor>
                           </Anchors>
                       </FontString>
					   <FontString inherits="GameFontNormal" text="TANKADIN_CREDITS_SPECIAL">
                           <Anchors>
                               <Anchor point="CENTER" relativeTo="$parent">
                                   <Offset>
                                       <AbsDimension x="0" y="0"/>
                                   </Offset>
                               </Anchor>
                           </Anchors>
                       </FontString>
					   <FontString inherits="GameFontNormal" text="TANKADIN_CREDITS_QUOTE">
                           <Anchors>
                               <Anchor point="CENTER" relativeTo="$parent">
                                   <Offset>
                                       <AbsDimension x="-40" y="-110"/>
                                   </Offset>
                               </Anchor>
                           </Anchors>
                       </FontString>
                   </Layer>
               </Layers>
               <Frames>
			   
			   	<Button name="$parent_DefaultButton" inherits="OptionsButtonTemplate" text="TANKADIN_OPTIONS_RESET_TB">
				<Anchors>
					<Anchor point="BOTTOMRIGHT">
						<Offset>
							<AbsDimension x="-20" y="50"/>
						</Offset>
					</Anchor>
				</Anchors>
				<Scripts>
					<OnClick>
						Tankadin_ResetDefaults();
						Tankadin_Options_Init();
					</OnClick>
				</Scripts>
				</Button>
			   <Button name="$parent_DoneButton" inherits="OptionsButtonTemplate" text="TANKADIN_OPTIONS_DONE">
				<Anchors>
					<Anchor point="BOTTOMRIGHT">
						<Offset>
							<AbsDimension x="-20" y="20"/>
						</Offset>
					</Anchor>
				</Anchors>
				<Scripts>
					<OnClick>
						Tankadin_Options_TabContainerFrame:Hide();
					</OnClick>
				</Scripts>
			</Button>
               </Frames> 
           </Frame>
		   
           <Button name="$parentTab1" inherits="CharacterFrameTabButtonTemplate" id="1" text="TANKADIN_OPTIONS_TAB1">
               <Anchors>
                   <Anchor point="CENTER" relativePoint="BOTTOMLEFT">
                       <Offset>
                           <AbsDimension x="60" y="-8"/>
                       </Offset>
                   </Anchor>
               </Anchors>
               <Scripts>
                   <OnClick>
				   Tankadin_Options_ChangeFrame(Tankadin_Options_TabContainerFrame_TabPage1, 1)
                   </OnClick>
               </Scripts>
           </Button>
           <Button name="$parentTab2" inherits="CharacterFrameTabButtonTemplate" id="2" text="TANKADIN_OPTIONS_TAB2">
               <Anchors>
                   <Anchor point="LEFT" relativeTo="$parentTab1" relativePoint="RIGHT">
                       <Offset>
                           <AbsDimension x="-16" y="0"/>
                       </Offset>
                   </Anchor>
               </Anchors>
               <Scripts>
                   <OnClick>
				   Tankadin_Options_ChangeFrame(Tankadin_Options_TabContainerFrame_TabPage2, 2)
                   </OnClick>
               </Scripts>
           </Button>
		    <Button name="$parentTab3" inherits="CharacterFrameTabButtonTemplate" id="3" text="TANKADIN_OPTIONS_TAB3">
               <Anchors>
                   <Anchor point="LEFT" relativeTo="$parentTab2" relativePoint="RIGHT">
                       <Offset>
                           <AbsDimension x="-16" y="0"/>
                       </Offset>
                   </Anchor>
               </Anchors>
               <Scripts>
                   <OnClick>
				   Tankadin_Options_ChangeFrame(Tankadin_Options_TabContainerFrame_TabPage3, 3)
                   </OnClick>
               </Scripts>
           </Button>
		   <Button name="$parentTab4" inherits="CharacterFrameTabButtonTemplate" id="4" text="TANKADIN_OPTIONS_TAB4">
               <Anchors>
                   <Anchor point="LEFT" relativeTo="$parentTab3" relativePoint="RIGHT">
                       <Offset>
                           <AbsDimension x="-16" y="0"/>
                       </Offset>
                   </Anchor>
               </Anchors>
               <Scripts>
                   <OnClick>
				   Tankadin_Options_ChangeFrame(Tankadin_Options_TabContainerFrame_TabPage4, 4)
                   </OnClick>
               </Scripts>
           </Button>
		   <Button name="$parentTab5" inherits="CharacterFrameTabButtonTemplate" id="5" text="TANKADIN_OPTIONS_TAB5">
               <Anchors>
                   <Anchor point="LEFT" relativeTo="$parentTab4" relativePoint="RIGHT">
                       <Offset>
                           <AbsDimension x="-16" y="0"/>
                       </Offset>
                   </Anchor>
               </Anchors>
               <Scripts>
                   <OnClick>
				   Tankadin_Options_ChangeFrame(Tankadin_Options_TabContainerFrame_TabPage5, 5)
                   </OnClick>
               </Scripts>
           </Button>
		   <Button name="$parentTab6" inherits="CharacterFrameTabButtonTemplate" id="6" text="TANKADIN_OPTIONS_TAB6">
               <Anchors>
                   <Anchor point="LEFT" relativeTo="$parentTab5" relativePoint="RIGHT">
                       <Offset>
                           <AbsDimension x="-16" y="0"/>
                       </Offset>
                   </Anchor>
               </Anchors>
               <Scripts>
                   <OnClick>
				   Tankadin_Options_ChangeFrame(Tankadin_Options_TabContainerFrame_TabPage6, 6)
                   </OnClick>
               </Scripts>
           </Button>
       </Frames>
       <Scripts>
			<OnLoad>
               this.elapsed = 0;
               PanelTemplates_SetNumTabs(Tankadin_Options_TabContainerFrame, 6);
               PanelTemplates_SetTab(Tankadin_Options_TabContainerFrame, 1);
			</OnLoad>
			<OnShow>
               PlaySound("UChatScrollButton");
			   Tankadin_Options_ChangeFrame(Tankadin_Options_TabContainerFrame_TabPage1, 1)
               --PanelTemplates_SetTab(Tankadin_Options_TabContainerFrame, 1);
			   Tankadin_Options_Init();
			</OnShow>
			<OnMouseDown>
				if ( button == "LeftButton" and not Tankadin_Options.lock) then
					self:StartMoving();
					self.isMoving = true;
				end
			</OnMouseDown>
			<OnMouseUp>
				if ( self.isMoving ) then
					self:StopMovingOrSizing();
					self.isMoving = false;
				end
			</OnMouseUp>
			<OnHide>
               PlaySound("UChatScrollButton");
			   	if ( self.isMoving ) then
					self:StopMovingOrSizing();
					self.isMoving = false;
				end
			</OnHide>
		</Scripts>
	</Frame>
</Ui>